embedding_label,beta,k,alpha,num_folds,dev_accuracy_mean,dev_accuracy_std,dev_macro_f1_mean,dev_macro_f1_std,dev_accuracy_reachable_mean,dev_accuracy_reachable_std,dev_unreachable_count_mean,dev_unreachable_count_std,edge_purity_mean,edge_purity_std,edge_purity_fold_mean,edge_purity_fold_std,component_label_coverage_mean,component_label_coverage_std,num_components_mean,num_components_std,largest_component_fraction_mean,largest_component_fraction_std,unreachable_count_mean,unreachable_count_std,unreachable_fraction_mean,unreachable_fraction_std,iterations_mean,iterations_std,final_delta_mean,final_delta_std,converged_mean,converged_std,confidence_mean_mean,confidence_mean_std,graph_seconds_mean,graph_seconds_std,fold_seconds_mean,fold_seconds_std
beta=0.001,0.001,5,0.5,10,0.331,0.025033311140691447,0.3210012051110095,0.025438685022778115,0.331,0.025033311140691447,0.0,0.0,0.5995297805642633,0.0,0.603647222532181,0.08688412268715201,1.0,0.0,1.0,0.0,1.0,0.0,0.0,0.0,0.0,0.0,13.4,0.5163977794943222,7.167458534240723e-07,2.1936164899437464e-07,1.0,0.0,0.5576087382749575,0.0029303575334781733,1.167088270187378,0.0,0.3157604455947876,0.043392826458925886
beta=0.001,0.001,5,0.8,10,0.34950000000000003,0.02543510260337954,0.3368803561847583,0.02857317745053799,0.34950000000000003,0.02543510260337954,0.0,0.0,0.5995297805642633,0.0,0.603647222532181,0.08688412268715201,1.0,0.0,1.0,0.0,1.0,0.0,0.0,0.0,0.0,0.0,32.9,1.523883926754995,8.352100849151611e-07,3.773816932982284e-08,1.0,0.0,0.41270708916311466,0.003080364476718661,1.167088270187378,0.0,0.33962240219116213,0.02403147806745783
beta=0.001,0.001,5,0.9,10,0.366,0.025033311140691444,0.35159926812974696,0.029555678846642366,0.366,0.025033311140691444,0.0,0.0,0.5995297805642633,0.0,0.603647222532181,0.08688412268715201,1.0,0.0,1.0,0.0,1.0,0.0,0.0,0.0,0.0,0.0,54.9,5.9338951044917465,9.298324584960937e-07,5.8854870969448986e-08,1.0,0.0,0.32953277739755454,0.002928996114651915,1.167088270187378,0.0,0.3917700290679932,0.016460906683926198
beta=0.001,0.001,5,0.95,10,0.36900000000000005,0.020789954839350245,0.3537421452724603,0.026265403714425626,0.36900000000000005,0.020789954839350245,0.0,0.0,0.5995297805642633,0.0,0.603647222532181,0.08688412268715201,1.0,0.0,1.0,0.0,1.0,0.0,0.0,0.0,0.0,0.0,84.0,21.447610589527216,9.678304195404053e-07,2.8251141509532677e-08,1.0,0.0,0.2618557434092107,0.002905039213919592,1.167088270187378,0.0,0.44341537952423093,0.058969601282980386
beta=0.001,0.001,5,0.99,10,0.3045,0.03989221589344076,0.27520035126213965,0.03957598162954591,0.3045,0.03989221589344076,0.0,0.0,0.5995297805642633,0.0,0.603647222532181,0.08688412268715201,1.0,0.0,1.0,0.0,1.0,0.0,0.0,0.0,0.0,0.0,189.8,112.06625024709466,9.913434041664005e-07,6.515041945076743e-09,1.0,0.0,0.16480531958907133,0.005968320774358023,1.167088270187378,0.0,0.6809694766998291,0.2376891114792927
beta=0.001,0.001,10,0.5,10,0.361,0.02932575659723036,0.3528502631451441,0.029925892284339194,0.361,0.02932575659723036,0.0,0.0,0.5425721410758817,0.0,0.5274537990565362,0.07189755915510346,1.0,0.0,1.0,0.0,1.0,0.0,0.0,0.0,0.0,0.0,12.1,0.31622776601683794,6.975606083869934e-07,1.9873889361749094e-07,1.0,0.0,0.5087263953406186,0.0029290187374177725,0.9046621322631836,0.0,0.30265676975250244,0.016608810378916757
beta=0.001,0.001,10,0.8,10,0.378,0.031552425509864625,0.36689127499986973,0.03280283850155416,0.378,0.031552425509864625,0.0,0.0,0.5425721410758817,0.0,0.5274537990565362,0.07189755915510346,1.0,0.0,1.0,0.0,1.0,0.0,0.0,0.0,0.0,0.0,26.6,3.3399933466334266,8.536502718925476e-07,9.973629457107057e-08,1.0,0.0,0.3705863573244498,0.0030086429833147354,0.9046621322631836,0.0,0.3039779901504517,0.03829881072871248
beta=0.001,0.001,10,0.9,10,0.3835,0.0316271683490283,0.37130314337471704,0.032117836175574094,0.3835,0.0316271683490283,0.0,0.0,0.5425721410758817,0.0,0.5274537990565362,0.07189755915510346,1.0,0.0,1.0,0.0,1.0,0.0,0.0,0.0,0.0,0.0,40.5,9.868580895391641,9.006354957818985e-07,6.929664772647073e-08,1.0,0.0,0.29457697299701113,0.002898447393767579,0.9046621322631836,0.0,0.34818234443664553,0.034276673845226445
beta=0.001,0.001,10,0.95,10,0.37950000000000006,0.030682061353319946,0.36265547338023685,0.030888843703950696,0.37950000000000006,0.030682061353319946,0.0,0.0,0.5425721410758817,0.0,0.5274537990565362,0.07189755915510346,1.0,0.0,1.0,0.0,1.0,0.0,0.0,0.0,0.0,0.0,59.2,19.303425142244116,9.47802618611604e-07,4.05346043153269e-08,1.0,0.0,0.2342244624774797,0.0031645719560421687,0.9046621322631836,0.0,0.40814847946166993,0.03909642431054685
beta=0.001,0.001,10,0.99,10,0.2495,0.03411174447475695,0.20646541053343398,0.026168350647683615,0.2495,0.03411174447475695,0.0,0.0,0.5425721410758817,0.0,0.5274537990565362,0.07189755915510346,1.0,0.0,1.0,0.0,1.0,0.0,0.0,0.0,0.0,0.0,114.2,34.72367108088275,9.732088074088096e-07,1.1320494701628416e-08,1.0,0.0,0.15701915717102233,0.007971144636046536,0.9046621322631836,0.0,0.5183433055877685,0.08833540632097237
beta=0.001,0.001,15,0.5,10,0.3775,0.029083213944358578,0.370008292240371,0.028336479743220632,0.3775,0.029083213944358578,0.0,0.0,0.5103974121996303,0.0,0.5077299918497618,0.049932080147236595,1.0,0.0,1.0,0.0,1.0,0.0,0.0,0.0,0.0,0.0,11.6,0.6992058987801011,6.05359673500061e-07,2.1228162891924533e-07,1.0,0.0,0.47788029901284546,0.0032586297804872736,0.8937191963195801,0.0,0.2953120231628418,0.014900767784520293
beta=0.001,0.001,15,0.8,10,0.39549999999999996,0.03286757943289676,0.3853781388808535,0.03258874460377645,0.39549999999999996,0.03286757943289676,0.0,0.0,0.5103974121996303,0.0,0.5077299918497618,0.049932080147236595,1.0,0.0,1.0,0.0,1.0,0.0,0.0,0.0,0.0,0.0,23.5,3.1710495984067415,8.613336831331253e-07,7.474924984194165e-08,1.0,0.0,0.353769028612283,0.00323136114602885,0.8937191963195801,0.0,0.3267010450363159,0.027115208573108892
beta=0.001,0.001,15,0.9,10,0.39100000000000007,0.03247221034122015,0.3762327131029085,0.033935929670151535,0.39100000000000007,0.03247221034122015,0.0,0.0,0.5103974121996303,0.0,0.5077299918497618,0.049932080147236595,1.0,0.0,1.0,0.0,1.0,0.0,0.0,0.0,0.0,0.0,35.4,4.812021982031623,8.857343345880508e-07,5.7257805638940864e-08,1.0,0.0,0.2817754961264062,0.0030354442992499456,0.8937191963195801,0.0,0.356518816947937,0.03449008611509671
beta=0.001,0.001,15,0.95,10,0.38050000000000006,0.036013114895055175,0.36017164580151473,0.03975385170430786,0.38050000000000006,0.036013114895055175,0.0,0.0,0.5103974121996303,0.0,0.5077299918497618,0.049932080147236595,1.0,0.0,1.0,0.0,1.0,0.0,0.0,0.0,0.0,0.0,49.3,5.396500923952688,9.328825399279594e-07,3.1686512259679914e-08,1.0,0.0,0.22426099491526683,0.003393293545459656,0.8937191963195801,0.0,0.3898506164550781,0.025153034963944373
beta=0.001,0.001,15,0.99,10,0.2355,0.03227055761664011,0.19017640467839864,0.025634285002416962,0.2355,0.03227055761664011,0.0,0.0,0.5103974121996303,0.0,0.5077299918497618,0.049932080147236595,1.0,0.0,1.0,0.0,1.0,0.0,0.0,0.0,0.0,0.0,84.5,3.8078865529319543,9.726150892674924e-07,1.170500598519226e-08,1.0,0.0,0.15543912559277953,0.008318519347740697,0.8937191963195801,0.0,0.46386382579803465,0.0192978761867942
beta=0.001,0.001,20,0.5,10,0.3795,0.036167050689205435,0.3697048504797314,0.040374949000423495,0.3795,0.036167050689205435,0.0,0.0,0.4938506842196431,5.851389114294502e-17,0.49510721703397065,0.044552135997931834,1.0,0.0,1.0,0.0,1.0,0.0,0.0,0.0,0.0,0.0,10.7,0.674948557710553,6.88992440700531e-07,2.1861112100151475e-07,1.0,0.0,0.46250184839275627,0.0037749411773496926,0.9115629196166992,0.0,0.3007250547409058,0.016218403294549613
beta=0.001,0.001,20,0.8,10,0.391,0.03389526351702977,0.37873418729984165,0.03700385824392083,0.391,0.03389526351702977,0.0,0.0,0.4938506842196431,5.851389114294502e-17,0.49510721703397065,0.044552135997931834,1.0,0.0,1.0,0.0,1.0,0.0,0.0,0.0,0.0,0.0,21.8,0.6324555320336759,8.242204785346985e-07,1.2448736476396143e-07,1.0,0.0,0.3458420328232859,0.0033788828658066605,0.9115629196166992,0.0,0.33039541244506837,0.012914912415936678
beta=0.001,0.001,20,0.9,10,0.393,0.03137585766866692,0.3765596000698131,0.035908026475090886,0.393,0.03137585766866692,0.0,0.0,0.4938506842196431,5.851389114294502e-17,0.49510721703397065,0.044552135997931834,1.0,0.0,1.0,0.0,1.0,0.0,0.0,0.0,0.0,0.0,31.9,0.5676462121975466,8.679460734128952e-07,4.478664856745651e-08,1.0,0.0,0.2745614430166568,0.0030776761449102753,0.9115629196166992,0.0,0.3487251758575439,0.01417681279441911
beta=0.001,0.001,20,0.95,10,0.3745,0.026188419832691958,0.3521049420537574,0.03288675610777362,0.3745,0.026188419832691958,0.0,0.0,0.4938506842196431,5.851389114294502e-17,0.49510721703397065,0.044552135997931834,1.0,0.0,1.0,0.0,1.0,0.0,0.0,0.0,0.0,0.0,45.6,2.0110804171997807,9.559080353938043e-07,3.222950269009492e-08,1.0,0.0,0.21817636104006852,0.0034749734322059946,0.9115629196166992,0.0,0.3859509229660034,0.020290657894078468
beta=0.001,0.001,20,0.99,10,0.23450000000000001,0.034355171048588574,0.19067546649374162,0.029861771191991463,0.23450000000000001,0.034355171048588574,0.0,0.0,0.4938506842196431,5.851389114294502e-17,0.49510721703397065,0.044552135997931834,1.0,0.0,1.0,0.0,1.0,0.0,0.0,0.0,0.0,0.0,80.1,3.842742076521226,9.692390449345113e-07,1.4895480822021675e-08,1.0,0.0,0.1539197685160027,0.008549174204945349,0.9115629196166992,0.0,0.4640613794326782,0.013602671562546598
beta=0.001,0.001,30,0.5,10,0.392,0.03874417518945411,0.3813525100933147,0.04454845037634524,0.392,0.03874417518945411,0.0,0.0,0.47110801069643066,0.0,0.4678805611324345,0.024931656883858982,1.0,0.0,1.0,0.0,1.0,0.0,0.0,0.0,0.0,0.0,10.0,0.0,6.774906069040299e-07,4.9398374199807e-08,1.0,0.0,0.4553267019470816,0.003703318672242306,0.9224884510040283,0.0,0.30117135047912597,0.010421571279628412
beta=0.001,0.001,30,0.8,10,0.394,0.042084570938897684,0.37969463713291074,0.04846030824695458,0.394,0.042084570938897684,0.0,0.0,0.47110801069643066,0.0,0.4678805611324345,0.024931656883858982,1.0,0.0,1.0,0.0,1.0,0.0,0.0,0.0,0.0,0.0,20.9,0.3162277660168379,7.573515176773072e-07,4.941532013056384e-08,1.0,0.0,0.3377697768288638,0.003125086553972009,0.9224884510040283,0.0,0.30271832942962645,0.05072441048450939
beta=0.001,0.001,30,0.9,10,0.3865,0.029254629263303505,0.3694738868752607,0.03300966960353275,0.3865,0.029254629263303505,0.0,0.0,0.47110801069643066,0.0,0.4678805611324345,0.024931656883858982,1.0,0.0,1.0,0.0,1.0,0.0,0.0,0.0,0.0,0.0,30.6,0.6992058987801011,8.883187547326088e-07,4.691254045764789e-08,1.0,0.0,0.26516969654893596,0.002903427385223311,0.9224884510040283,0.0,0.3172219038009644,0.03580917247602957
beta=0.001,0.001,30,0.95,10,0.3605,0.024318488622628035,0.33691017282421737,0.028101359433517686,0.3605,0.024318488622628035,0.0,0.0,0.47110801069643066,0.0,0.4678805611324345,0.024931656883858982,1.0,0.0,1.0,0.0,1.0,0.0,0.0,0.0,0.0,0.0,44.2,2.097617696340303,9.534182026982308e-07,2.8687227704070313e-08,1.0,0.0,0.2100974705560364,0.003435760326824743,0.9224884510040283,0.0,0.3906079292297363,0.021650084646433778
beta=0.001,0.001,30,0.99,10,0.22000000000000003,0.029720924166878347,0.1719514954650237,0.02938070595067014,0.22000000000000003,0.029720924166878347,0.0,0.0,0.47110801069643066,0.0,0.4678805611324345,0.024931656883858982,1.0,0.0,1.0,0.0,1.0,0.0,0.0,0.0,0.0,0.0,74.4,3.134042472944842,9.709619916975498e-07,1.4975378090432283e-08,1.0,0.0,0.15241081632635423,0.008717082734013273,0.9224884510040283,0.0,0.4651373624801636,0.01460664757326422
beta=0.001,0.001,50,0.5,10,0.38899999999999996,0.027768887466211378,0.38135144651358566,0.028198787450542485,0.38899999999999996,0.027768887466211378,0.0,0.0,0.44282831094717795,0.0,0.4412235915869268,0.03039206263595904,1.0,0.0,1.0,0.0,1.0,0.0,0.0,0.0,0.0,0.0,9.9,0.31622776601683794,5.778856575489044e-07,1.4215344183170853e-07,1.0,0.0,0.4572208967686692,0.0031631581647359203,0.952650785446167,0.0,0.30117249488830566,0.015728337428485468
beta=0.001,0.001,50,0.8,10,0.38550000000000006,0.02266298989787339,0.37430129771023113,0.025267889063393376,0.38550000000000006,0.02266298989787339,0.0,0.0,0.44282831094717795,0.0,0.4412235915869268,0.03039206263595904,1.0,0.0,1.0,0.0,1.0,0.0,0.0,0.0,0.0,0.0,19.9,0.3162277660168379,8.000526577234268e-07,5.635525596118973e-08,1.0,0.0,0.32646603800845286,0.002588010983016408,0.952650785446167,0.0,0.33371548652648925,0.015367491267076237
beta=0.001,0.001,50,0.9,10,0.3785,0.02333928495524707,0.36266735775650194,0.026237800896571795,0.3785,0.02333928495524707,0.0,0.0,0.44282831094717795,0.0,0.4412235915869268,0.03039206263595904,1.0,0.0,1.0,0.0,1.0,0.0,0.0,0.0,0.0,0.0,29.4,0.8432740427115678,9.079114533960819e-07,2.92761556446457e-08,1.0,0.0,0.25224801353925047,0.0025724641577931913,0.952650785446167,0.0,0.08219656944274903,0.12376214439090054
beta=0.001,0.001,50,0.95,10,0.35050000000000003,0.02671350054019711,0.3296718825557113,0.029112625266865432,0.35050000000000003,0.02671350054019711,0.0,0.0,0.44282831094717795,0.0,0.4412235915869268,0.03039206263595904,1.0,0.0,1.0,0.0,1.0,0.0,0.0,0.0,0.0,0.0,42.4,1.8973665961010275,9.604584192857146e-07,3.1663643243337286e-08,1.0,0.0,0.19976743069603328,0.003343996929062385,0.952650785446167,0.0,0.03269970417022705,0.0011027015922625216
beta=0.001,0.001,50,0.99,10,0.197,0.02983286778035259,0.13063345482163874,0.03009591558462185,0.197,0.02983286778035259,0.0,0.0,0.44282831094717795,0.0,0.4412235915869268,0.03039206263595904,1.0,0.0,1.0,0.0,1.0,0.0,0.0,0.0,0.0,0.0,68.4,2.6331223544175333,9.715498890727758e-07,2.1774721882057358e-08,1.0,0.0,0.1501738145239296,0.008936240079531031,0.952650785446167,0.0,0.04861001968383789,0.0017204787599588163
beta=0.003,0.003,5,0.5,10,0.3315,0.02582526755804176,0.32365041840456416,0.026541386249116054,0.3316658291457287,0.02581988911054963,0.1,0.31622776601683794,0.591743119266055,0.0,0.5834746382663469,0.08755876352670859,0.9999542857142856,2.4093544077477398e-05,2.0,0.0,0.9999428571428572,1.1702778228589004e-16,4.8,2.5298221281347035,4.5714285714285716e-05,2.4093544077473366e-05,13.4,0.5163977794943222,6.787478923797607e-07,1.9309161846066478e-07,1.0,0.0,0.556797953777224,0.0020655301001551926,0.3676004409790039,0.0,0.03248641490936279,0.047543008005944444
beta=0.003,0.003,5,0.8,10,0.3515,0.026145957835028943,0.34118299127258916,0.02636567324673116,0.351680904522613,0.026217464808811427,0.1,0.31622776601683794,0.591743119266055,0.0,0.5834746382663469,0.08755876352670859,0.9999542857142856,2.4093544077477398e-05,2.0,0.0,0.9999428571428572,1.1702778228589004e-16,4.8,2.5298221281347035,4.5714285714285716e-05,2.4093544077473366e-05,32.8,1.6865480854231356,8.642673492431641e-07,8.131417405478607e-08,1.0,0.0,0.41160029867721104,0.0024818259882948713,0.3676004409790039,0.0,0.04599320888519287,0.05360003735244157
beta=0.003,0.003,5,0.9,10,0.3625,0.026060826285186488,0.3505478839176561,0.02547167821075548,0.36268844221105523,0.026167848157584286,0.1,0.31622776601683794,0.591743119266055,0.0,0.5834746382663469,0.08755876352670859,0.9999542857142856,2.4093544077477398e-05,2.0,0.0,0.9999428571428572,1.1702778228589004e-16,4.8,2.5298221281347035,4.5714285714285716e-05,2.4093544077473366e-05,54.5,5.562773089426212,9.223818778991699e-07,5.026304976413058e-08,1.0,0.0,0.3284560927415695,0.0025822584777794827,0.3676004409790039,0.0,0.05327177047729492,0.05804680099824992
beta=0.003,0.003,5,0.95,10,0.365,0.019436506316151,0.34930743391440033,0.01838823495123157,0.3651884422110553,0.019553017340987786,0.1,0.31622776601683794,0.591743119266055,0.0,0.5834746382663469,0.08755876352670859,0.9999542857142856,2.4093544077477398e-05,2.0,0.0,0.9999428571428572,1.1702778228589004e-16,4.8,2.5298221281347035,4.5714285714285716e-05,2.4093544077473366e-05,80.6,15.629032812898778,9.488314390182495e-07,3.5560861414995496e-08,1.0,0.0,0.2610097807121421,0.002902376520712172,0.3676004409790039,0.0,0.0430938720703125,0.05021938333889024
beta=0.003,0.003,5,0.99,10,0.285,0.035512126254437525,0.2550128201493149,0.03819975451780847,0.28516080402010047,0.035691408907201544,0.1,0.31622776601683794,0.591743119266055,0.0,0.5834746382663469,0.08755876352670859,0.9999542857142856,2.4093544077477398e-05,2.0,0.0,0.9999428571428572,1.1702778228589004e-16,4.8,2.5298221281347035,4.5714285714285716e-05,2.4093544077473366e-05,157.1,51.65365427537533,9.84218786470592e-07,1.1905954967938037e-08,1.0,0.0,0.1650648944496306,0.006394983710224679,0.3676004409790039,0.0,0.031203866004943848,0.007919361199601144
beta=0.003,0.003,10,0.5,10,0.365,0.03082207001484488,0.3556701283036446,0.029691453739170023,0.365,0.03082207001484488,0.0,0.0,0.5393338058114814,1.1702778228589004e-16,0.5229065708580933,0.05723699070693987,1.0,0.0,1.0,0.0,1.0,0.0,0.0,0.0,0.0,0.0,12.2,0.4216370213557839,5.979090929031372e-07,1.7401753930240104e-07,1.0,0.0,0.5076111486773335,0.003382570430868787,0.37027549743652344,0.0,0.010298824310302735,0.0006108553677218308
beta=0.003,0.003,10,0.8,10,0.38649999999999995,0.03636619309193636,0.3730682055023526,0.03583670456331435,0.38649999999999995,0.03636619309193636,0.0,0.0,0.5393338058114814,1.1702778228589004e-16,0.5229065708580933,0.05723699070693987,1.0,0.0,1.0,0.0,1.0,0.0,0.0,0.0,0.0,0.0,26.5,3.5668224265054493,8.648261427879334e-07,8.924318895396435e-08,1.0,0.0,0.3692275957900144,0.0035773217382550774,0.37027549743652344,0.0,0.029244351387023925,0.03430185788995233
beta=0.003,0.003,10,0.9,10,0.3865,0.03559416306705981,0.3711335943001597,0.037343709378932013,0.3865,0.03559416306705981,0.0,0.0,0.5393338058114814,1.1702778228589004e-16,0.5229065708580933,0.05723699070693987,1.0,0.0,1.0,0.0,1.0,0.0,0.0,0.0,0.0,0.0,41.2,10.39016629104441,8.973758667707443e-07,6.619981157067655e-08,1.0,0.0,0.2935462509652617,0.0036065102006808195,0.37027549743652344,0.0,0.047767353057861325,0.070632841663044
beta=0.003,0.003,10,0.95,10,0.37699999999999995,0.030294847380004694,0.3582191519818029,0.03255568162527094,0.37699999999999995,0.030294847380004694,0.0,0.0,0.5393338058114814,1.1702778228589004e-16,0.5229065708580933,0.05723699070693987,1.0,0.0,1.0,0.0,1.0,0.0,0.0,0.0,0.0,0.0,60.2,21.36352030916253,9.514551493339241e-07,3.533002385606997e-08,1.0,0.0,0.23379733026006394,0.004068117049137744,0.37027549743652344,0.0,0.019870877265930176,0.004369748774246909
beta=0.003,0.003,10,0.99,10,0.24300000000000002,0.03945461527713414,0.19803215232063545,0.032496727912478686,0.24300000000000002,0.03945461527713414,0.0,0.0,0.5393338058114814,1.1702778228589004e-16,0.5229065708580933,0.05723699070693987,1.0,0.0,1.0,0.0,1.0,0.0,0.0,0.0,0.0,0.0,117.2,46.050214138722765,9.819399565458297e-07,1.581076464211016e-08,1.0,0.0,0.15895516442732444,0.009709939223840081,0.37027549743652344,0.0,0.0463446855545044,0.04169168426420385
beta=0.003,0.003,15,0.5,10,0.38199999999999995,0.026894857005259072,0.37264606413577744,0.03003853125129007,0.38199999999999995,0.026894857005259072,0.0,0.0,0.5154164749194663,1.1702778228589004e-16,0.5067470617576169,0.04056533301115145,1.0,0.0,1.0,0.0,1.0,0.0,0.0,0.0,0.0,0.0,11.7,0.674948557710553,5.386769771575928e-07,1.7735233821060595e-07,1.0,0.0,0.47662295596302257,0.0037274947612460176,0.37192463874816895,0.0,0.011473774909973145,0.0016837462471310913
beta=0.003,0.003,15,0.8,10,0.3935,0.032322163018929026,0.3818422607610378,0.034112609344068276,0.3935,0.032322163018929026,0.0,0.0,0.5154164749194663,1.1702778228589004e-16,0.5067470617576169,0.04056533301115145,1.0,0.0,1.0,0.0,1.0,0.0,0.0,0.0,0.0,0.0,23.6,2.913569784454954,8.727423846721649e-07,1.0808019767420786e-07,1.0,0.0,0.35221078027918223,0.0036528113232564097,0.37192463874816895,0.0,0.03142867088317871,0.0402991249938552
beta=0.003,0.003,15,0.9,10,0.39399999999999996,0.029325756597230374,0.38075737155922795,0.031970036609869606,0.39399999999999996,0.029325756597230374,0.0,0.0,0.5154164749194663,1.1702778228589004e-16,0.5067470617576169,0.04056533301115145,1.0,0.0,1.0,0.0,1.0,0.0,0.0,0.0,0.0,0.0,35.5,4.766783215358364,9.138137102127076e-07,5.5847956635813646e-08,1.0,0.0,0.2805027606289869,0.003500840027963641,0.37192463874816895,0.0,0.016593027114868163,0.0012440093789208937
beta=0.003,0.003,15,0.95,10,0.3785,0.033254072432310204,0.36062667431609946,0.037616592320853036,0.3785,0.033254072432310204,0.0,0.0,0.5154164749194663,1.1702778228589004e-16,0.5067470617576169,0.04056533301115145,1.0,0.0,1.0,0.0,1.0,0.0,0.0,0.0,0.0,0.0,49.1,5.4456914671651715,9.460840374231339e-07,4.569672692774341e-08,1.0,0.0,0.22354196628740852,0.003983084959679317,0.37192463874816895,0.0,0.022094869613647462,0.0064140625232797874
beta=0.003,0.003,15,0.99,10,0.2285,0.03496426747409418,0.18094941697242195,0.025941670257900104,0.2285,0.03496426747409418,0.0,0.0,0.5154164749194663,1.1702778228589004e-16,0.5067470617576169,0.04056533301115145,1.0,0.0,1.0,0.0,1.0,0.0,0.0,0.0,0.0,0.0,83.9,4.1486276177925525,9.784067515283824e-07,1.1209621136031858e-08,1.0,0.0,0.15675764152406937,0.009787885244123636,0.37192463874816895,0.0,0.05051758289337158,0.04784734652114429
beta=0.003,0.003,20,0.5,10,0.38450000000000006,0.028131635019829345,0.37572554243779444,0.030729942539040017,0.38450000000000006,0.028131635019829345,0.0,0.0,0.49227865477007543,5.851389114294502e-17,0.4856860430993105,0.0335425295286802,1.0,0.0,1.0,0.0,1.0,0.0,0.0,0.0,0.0,0.0,10.7,0.674948557710553,6.90016895532608e-07,2.14308749219508e-07,1.0,0.0,0.4608358660412402,0.0038536841298543907,0.3805277347564697,0.0,0.011101746559143066,0.0006936583450211589
beta=0.003,0.003,20,0.8,10,0.391,0.032981476282570754,0.378604485498368,0.03721588309922942,0.391,0.032981476282570754,0.0,0.0,0.49227865477007543,5.851389114294502e-17,0.4856860430993105,0.0335425295286802,1.0,0.0,1.0,0.0,1.0,0.0,0.0,0.0,0.0,0.0,22.0,0.4714045207910317,8.037779480218887e-07,1.0204735706454462e-07,1.0,0.0,0.34405475638552796,0.003454735517256543,0.3805277347564697,0.0,0.014181923866271973,0.00013253233254386247
beta=0.003,0.003,20,0.9,10,0.386,0.023664319132398467,0.3687754895754893,0.025785315845506054,0.386,0.023664319132398467,0.0,0.0,0.49227865477007543,5.851389114294502e-17,0.4856860430993105,0.0335425295286802,1.0,0.0,1.0,0.0,1.0,0.0,0.0,0.0,0.0,0.0,32.0,0.4714045207910317,8.97049903869629e-07,4.5053621955381063e-08,1.0,0.0,0.2731601684482325,0.003245133706329924,0.3805277347564697,0.0,0.0168102502822876,0.00012876555850073663
beta=0.003,0.003,20,0.95,10,0.361,0.026012817353502228,0.33737804810586897,0.028571943458199574,0.361,0.026012817353502228,0.0,0.0,0.49227865477007543,5.851389114294502e-17,0.4856860430993105,0.0335425295286802,1.0,0.0,1.0,0.0,1.0,0.0,0.0,0.0,0.0,0.0,45.6,2.1705094128132942,9.495211998000741e-07,3.4270523617534326e-08,1.0,0.0,0.21741571883053296,0.0038311519932924974,0.3805277347564697,0.0,0.03463876247406006,0.03955958268185021
beta=0.003,0.003,20,0.99,10,0.21749999999999997,0.02771381524719315,0.1705122466301607,0.024549509720753128,0.21749999999999997,0.02771381524719315,0.0,0.0,0.49227865477007543,5.851389114294502e-17,0.4856860430993105,0.0335425295286802,1.0,0.0,1.0,0.0,1.0,0.0,0.0,0.0,0.0,0.0,79.3,4.083843505544474,9.75816510617733e-07,1.1601435663022733e-08,1.0,0.0,0.1553581145367594,0.00939053218184361,0.3805277347564697,0.0,0.08193488121032715,0.08617955089588729
beta=0.003,0.003,30,0.5,10,0.392,0.03607091780245009,0.3830442917947958,0.039423634868729664,0.392,0.03607091780245009,0.0,0.0,0.47086487726542786,0.0,0.464411247693327,0.02479653762082287,1.0,0.0,1.0,0.0,1.0,0.0,0.0,0.0,0.0,0.0,10.0,0.0,6.754184141755104e-07,5.3630000411900136e-08,1.0,0.0,0.4533553160334839,0.003855897179740537,0.4939267635345459,0.0,0.2287515163421631,0.011402187381257256
beta=0.003,0.003,30,0.8,10,0.39849999999999997,0.034805012410411354,0.38637859170508926,0.03925135497709314,0.39849999999999997,0.034805012410411354,0.0,0.0,0.47086487726542786,0.0,0.464411247693327,0.02479653762082287,1.0,0.0,1.0,0.0,1.0,0.0,0.0,0.0,0.0,0.0,20.9,0.3162277660168379,8.134171366691589e-07,5.587797472274692e-08,1.0,0.0,0.3358394958693357,0.0031634623898096695,0.4939267635345459,0.0,0.2284162998199463,0.006031021499022282
beta=0.003,0.003,30,0.9,10,0.388,0.02820559440174157,0.37317097268191374,0.029557010669262647,0.388,0.02820559440174157,0.0,0.0,0.47086487726542786,0.0,0.464411247693327,0.02479653762082287,1.0,0.0,1.0,0.0,1.0,0.0,0.0,0.0,0.0,0.0,30.7,0.674948557710553,9.047333151102066e-07,6.372916822069572e-08,1.0,0.0,0.26365883163814746,0.003003312840583312,0.4939267635345459,0.0,0.22986078262329102,0.011575650341888705
beta=0.003,0.003,30,0.95,10,0.35750000000000004,0.026588426889239698,0.3329213315675542,0.024999907174226333,0.35750000000000004,0.026588426889239698,0.0,0.0,0.47086487726542786,0.0,0.464411247693327,0.02479653762082287,1.0,0.0,1.0,0.0,1.0,0.0,0.0,0.0,0.0,0.0,44.1,2.183269719175042,9.556824807077646e-07,2.7313741157794455e-08,1.0,0.0,0.20921338363379238,0.0036939490014171778,0.4939267635345459,0.0,0.3810088872909546,0.15084561767709243
beta=0.003,0.003,30,0.99,10,0.21000000000000002,0.026457513110645904,0.16051401384347025,0.026976470154632903,0.21000000000000002,0.026457513110645904,0.0,0.0,0.47086487726542786,0.0,0.464411247693327,0.02479653762082287,1.0,0.0,1.0,0.0,1.0,0.0,0.0,0.0,0.0,0.0,73.7,3.3349995835415367,9.78738535195589e-07,1.8471337043237954e-08,1.0,0.0,0.15331542296380515,0.009176771801887884,0.4939267635345459,0.0,0.5377723455429078,0.045978005766162705
beta=0.003,0.003,50,0.5,10,0.3875,0.025303710751148296,0.3793367637041415,0.02819338233988416,0.3875,0.025303710751148296,0.0,0.0,0.44191043948426445,5.851389114294502e-17,0.44005997815551057,0.027830591378865264,1.0,0.0,1.0,0.0,1.0,0.0,0.0,0.0,0.0,0.0,9.9,0.31622776601683794,5.921348929405212e-07,1.4021916310132862e-07,1.0,0.0,0.4551781702442609,0.003624494472690953,0.47056055068969727,0.0,0.4923257350921631,0.038585552701343985
beta=0.003,0.003,50,0.8,10,0.38449999999999995,0.023505318547086314,0.3732351130496284,0.025814465872034523,0.38449999999999995,0.023505318547086314,0.0,0.0,0.44191043948426445,5.851389114294502e-17,0.44005997815551057,0.027830591378865264,1.0,0.0,1.0,0.0,1.0,0.0,0.0,0.0,0.0,0.0,19.9,0.3162277660168379,8.689239621162415e-07,5.8514190250820556e-08,1.0,0.0,0.32454614611110516,0.002919715433316224,0.47056055068969727,0.0,0.5156003952026367,0.04291007600296207
beta=0.003,0.003,50,0.9,10,0.3705,0.015536694915228558,0.35368837368354916,0.017231319459109964,0.3705,0.015536694915228558,0.0,0.0,0.44191043948426445,5.851389114294502e-17,0.44005997815551057,0.027830591378865264,1.0,0.0,1.0,0.0,1.0,0.0,0.0,0.0,0.0,0.0,29.5,0.7071067811865476,8.887611329555511e-07,5.577086973938966e-08,1.0,0.0,0.2508004856570277,0.0028654646510851986,0.47056055068969727,0.0,0.5153404951095581,0.04288596524984792
beta=0.003,0.003,50,0.95,10,0.348,0.020165977949672228,0.32550999408135495,0.020341041896777993,0.348,0.020165977949672228,0.0,0.0,0.44191043948426445,5.851389114294502e-17,0.44005997815551057,0.027830591378865264,1.0,0.0,1.0,0.0,1.0,0.0,0.0,0.0,0.0,0.0,42.4,1.8973665961010275,9.39026358537376e-07,3.320094443372319e-08,1.0,0.0,0.19898508865593442,0.003606369603459182,0.47056055068969727,0.0,0.41674253940582273,0.14978721210829227
beta=0.003,0.003,50,0.99,10,0.189,0.032812599206199236,0.12600878028800816,0.033359785696102394,0.189,0.032812599206199236,0.0,0.0,0.44191043948426445,5.851389114294502e-17,0.44005997815551057,0.027830591378865264,1.0,0.0,1.0,0.0,1.0,0.0,0.0,0.0,0.0,0.0,67.8,2.898275349237888,9.63546335697174e-07,1.6182315987534786e-08,1.0,0.0,0.1515252653968902,0.009072038714710072,0.47056055068969727,0.0,0.24406278133392334,0.09076495994639147
beta=0.01,0.01,5,0.5,10,0.33199999999999996,0.03155242550986462,0.3249554724284147,0.03562027825286963,0.3321733668341708,0.031636442457344024,0.1,0.31622776601683794,0.5839028094153378,1.1702778228589004e-16,0.584958644245,0.08799329325329096,0.9999542857142856,2.4093544077477398e-05,2.0,0.0,0.9999428571428572,1.1702778228589004e-16,4.8,2.5298221281347035,4.5714285714285716e-05,2.4093544077473366e-05,13.3,0.4830458915396479,7.428228855133057e-07,2.031048253023206e-07,1.0,0.0,0.5566092521836834,0.002080087233839799,0.42415356636047363,0.0,0.2861786842346191,0.03241817625650322
beta=0.01,0.01,5,0.8,10,0.3585,0.029443920330765132,0.3490110604966835,0.032294947331099805,0.3586984924623116,0.02972269135165354,0.1,0.31622776601683794,0.5839028094153378,1.1702778228589004e-16,0.584958644245,0.08799329325329096,0.9999542857142856,2.4093544077477398e-05,2.0,0.0,0.9999428571428572,1.1702778228589004e-16,4.8,2.5298221281347035,4.5714285714285716e-05,2.4093544077473366e-05,32.9,1.4491376746189437,8.463859558105468e-07,4.5279265145772e-08,1.0,0.0,0.4109213880661479,0.002582960490114781,0.42415356636047363,0.0,0.35532441139221194,0.017949778322073125
beta=0.01,0.01,5,0.9,10,0.363,0.02840187787218772,0.35209809144178505,0.031296123427335086,0.36319597989949753,0.028614848275791818,0.1,0.31622776601683794,0.5839028094153378,1.1702778228589004e-16,0.584958644245,0.08799329325329096,0.9999542857142856,2.4093544077477398e-05,2.0,0.0,0.9999428571428572,1.1702778228589004e-16,4.8,2.5298221281347035,4.5714285714285716e-05,2.4093544077473366e-05,54.5,5.060742150229659,9.156763553619385e-07,6.403936675867026e-08,1.0,0.0,0.3275882977459907,0.0027013110191326712,0.42415356636047363,0.0,0.3886642694473267,0.015231378586424921
beta=0.01,0.01,5,0.95,10,0.358,0.028205594401741564,0.3439694339149234,0.030019115447815155,0.35818844221105534,0.028337776698213794,0.1,0.31622776601683794,0.5839028094153378,1.1702778228589004e-16,0.584958644245,0.08799329325329096,0.9999542857142856,2.4093544077477398e-05,2.0,0.0,0.9999428571428572,1.1702778228589004e-16,4.8,2.5298221281347035,4.5714285714285716e-05,2.4093544077473366e-05,80.7,13.300375934536588,9.316019713878631e-07,2.5174629038832685e-08,1.0,0.0,0.26008077761675386,0.0028903971347949723,0.42415356636047363,0.0,0.4398315906524658,0.023022416681287444
beta=0.01,0.01,5,0.99,10,0.28300000000000003,0.030749887081996833,0.2568953913880063,0.027760677120080266,0.28316834170854277,0.03106914489518067,0.1,0.31622776601683794,0.5839028094153378,1.1702778228589004e-16,0.584958644245,0.08799329325329096,0.9999542857142856,2.4093544077477398e-05,2.0,0.0,0.9999428571428572,1.1702778228589004e-16,4.8,2.5298221281347035,4.5714285714285716e-05,2.4093544077473366e-05,148.2,37.79417944604698,9.851151844486595e-07,7.580665481610807e-09,1.0,0.0,0.16497413520421028,0.0062097205255675,0.42415356636047363,0.0,0.5845430374145508,0.08813390046699975
beta=0.01,0.01,10,0.5,10,0.36149999999999993,0.03873341939175753,0.35521685778993345,0.038753467231337546,0.36149999999999993,0.03873341939175753,0.0,0.0,0.5405594405594406,0.0,0.5306326292576954,0.061556030920678025,1.0,0.0,1.0,0.0,1.0,0.0,0.0,0.0,0.0,0.0,12.0,0.0,6.673857569694519e-07,1.7495219503554937e-07,1.0,0.0,0.5071320326851664,0.003310351593317538,0.903172492980957,0.0,0.30438904762268065,0.0164275094068906
beta=0.01,0.01,10,0.8,10,0.379,0.044522154285504004,0.368501092844839,0.04493052288398628,0.379,0.044522154285504004,0.0,0.0,0.5405594405594406,0.0,0.5306326292576954,0.061556030920678025,1.0,0.0,1.0,0.0,1.0,0.0,0.0,0.0,0.0,0.0,26.1,3.5418137224371984,8.466187864542007e-07,8.894833521429357e-08,1.0,0.0,0.3685225132110431,0.0034684397507737923,0.903172492980957,0.0,0.3346769094467163,0.013323263658738071
beta=0.01,0.01,10,0.9,10,0.37749999999999995,0.0382426463519459,0.36182104396011855,0.03951809939275838,0.37749999999999995,0.0382426463519459,0.0,0.0,0.5405594405594406,0.0,0.5306326292576954,0.061556030920678025,1.0,0.0,1.0,0.0,1.0,0.0,0.0,0.0,0.0,0.0,41.1,10.74399056837511,9.073177352547646e-07,4.3817059707718914e-08,1.0,0.0,0.29270298312222676,0.003407332373166678,0.903172492980957,0.0,0.3661104679107666,0.028486221429676425
beta=0.01,0.01,10,0.95,10,0.36649999999999994,0.03153921721004221,0.3476427627201887,0.033135876192300864,0.36649999999999994,0.03153921721004221,0.0,0.0,0.5405594405594406,0.0,0.5306326292576954,0.061556030920678025,1.0,0.0,1.0,0.0,1.0,0.0,0.0,0.0,0.0,0.0,61.6,21.95551057125396,9.726791176944971e-07,1.9966971772837847e-08,1.0,0.0,0.2328884364009116,0.003771909588460604,0.903172492980957,0.0,0.4107520341873169,0.05001543028337404
beta=0.01,0.01,10,0.99,10,0.23500000000000001,0.030641293851417072,0.19062978560920324,0.02505115082734192,0.23500000000000001,0.030641293851417072,0.0,0.0,0.5405594405594406,0.0,0.5306326292576954,0.061556030920678025,1.0,0.0,1.0,0.0,1.0,0.0,0.0,0.0,0.0,0.0,118.8,49.26977888230382,9.736453648656606e-07,1.3484270860823362e-08,1.0,0.0,0.15870059521346574,0.009328263309703417,0.903172492980957,0.0,0.5365838050842285,0.11177044632359197
beta=0.01,0.01,15,0.5,10,0.376,0.023190036174568114,0.3665192001089571,0.02451075520596933,0.376,0.023190036174568114,0.0,0.0,0.5120454545454545,1.1702778228589004e-16,0.5087502797940721,0.045736164852115055,1.0,0.0,1.0,0.0,1.0,0.0,0.0,0.0,0.0,0.0,11.4,0.699205898780101,6.800517439842225e-07,2.2629831181861173e-07,1.0,0.0,0.4755712948761171,0.003388035993785395,0.9224157333374023,0.0,0.28716857433319093,0.011219793737608721
beta=0.01,0.01,15,0.8,10,0.3915,0.031184932259025355,0.38047387941488653,0.03222888072364189,0.3915,0.031184932259025355,0.0,0.0,0.5120454545454545,1.1702778228589004e-16,0.5087502797940721,0.045736164852115055,1.0,0.0,1.0,0.0,1.0,0.0,0.0,0.0,0.0,0.0,23.4,2.716206504995115,9.131617844104767e-07,7.997001096960137e-08,1.0,0.0,0.3511253404134015,0.0033886982782047226,0.9224157333374023,0.0,0.32762722969055175,0.015715512548990163
beta=0.01,0.01,15,0.9,10,0.38950000000000007,0.03235652089524529,0.3752344196905153,0.03249219180015503,0.38950000000000007,0.03235652089524529,0.0,0.0,0.5120454545454545,1.1702778228589004e-16,0.5087502797940721,0.045736164852115055,1.0,0.0,1.0,0.0,1.0,0.0,0.0,0.0,0.0,0.0,35.4,4.575295983139597,8.997973054647445e-07,4.213086777373814e-08,1.0,0.0,0.27939880035637393,0.003208875525025509,0.9224157333374023,0.0,0.35996532440185547,0.022688219143318433
beta=0.01,0.01,15,0.95,10,0.373,0.029925834249951256,0.35414845734874456,0.030966747655495314,0.373,0.029925834249951256,0.0,0.0,0.5120454545454545,1.1702778228589004e-16,0.5087502797940721,0.045736164852115055,1.0,0.0,1.0,0.0,1.0,0.0,0.0,0.0,0.0,0.0,48.7,5.375872022286244,9.523238986730575e-07,3.738215845531669e-08,1.0,0.0,0.2225222244448747,0.003583006816011263,0.9224157333374023,0.0,0.3794384956359863,0.0224591556470424
beta=0.01,0.01,15,0.99,10,0.23000000000000004,0.02905932629027116,0.18381372694635317,0.022880469479499635,0.23000000000000004,0.02905932629027116,0.0,0.0,0.5120454545454545,1.1702778228589004e-16,0.5087502797940721,0.045736164852115055,1.0,0.0,1.0,0.0,1.0,0.0,0.0,0.0,0.0,0.0,83.0,4.216370213557839,9.656010661274196e-07,8.78074135379409e-09,1.0,0.0,0.1564151228512114,0.008861180239372749,0.9224157333374023,0.0,0.4330744743347168,0.06213806210429921
beta=0.01,0.01,20,0.5,10,0.37999999999999995,0.031885210782848325,0.3686285900549039,0.03296178374642773,0.37999999999999995,0.031885210782848325,0.0,0.0,0.49413962969254294,5.851389114294502e-17,0.4865914978349285,0.035592038246243636,1.0,0.0,1.0,0.0,1.0,0.0,0.0,0.0,0.0,0.0,10.9,0.7378647873726218,5.710870027542115e-07,2.3478065589411277e-07,1.0,0.0,0.46017691137843186,0.0035884702415173116,0.5735678672790527,0.0,0.29035100936889646,0.02421264744653557
beta=0.01,0.01,20,0.8,10,0.388,0.0347371079203014,0.375369367874819,0.03709449740487302,0.388,0.0347371079203014,0.0,0.0,0.49413962969254294,5.851389114294502e-17,0.4865914978349285,0.035592038246243636,1.0,0.0,1.0,0.0,1.0,0.0,0.0,0.0,0.0,0.0,22.2,0.7888106377466155,7.665716111660004e-07,8.679079192501281e-08,1.0,0.0,0.3432444633095676,0.003290085841501543,0.5735678672790527,0.0,0.33243560791015625,0.016754438989944987
beta=0.01,0.01,20,0.9,10,0.382,0.029739610697593948,0.3663869334840048,0.032542898584769116,0.382,0.029739610697593948,0.0,0.0,0.49413962969254294,5.851389114294502e-17,0.4865914978349285,0.035592038246243636,1.0,0.0,1.0,0.0,1.0,0.0,0.0,0.0,0.0,0.0,32.0,0.4714045207910317,8.795410394668579e-07,4.528437307800616e-08,1.0,0.0,0.27224254601716996,0.0031111304323961147,0.5735678672790527,0.0,0.3501452922821045,0.013351798740472251
beta=0.01,0.01,20,0.95,10,0.36050000000000004,0.026188419832691955,0.3397988051497173,0.027378448231191628,0.36050000000000004,0.026188419832691955,0.0,0.0,0.49413962969254294,5.851389114294502e-17,0.4865914978349285,0.035592038246243636,1.0,0.0,1.0,0.0,1.0,0.0,0.0,0.0,0.0,0.0,45.3,2.1108186931983415,9.498849976807833e-07,2.7618367313537892e-08,1.0,0.0,0.21652249236020302,0.0035868442504173757,0.5735678672790527,0.0,0.37779242992401124,0.015146136120379324
beta=0.01,0.01,20,0.99,10,0.21800000000000003,0.02679137506321349,0.17201056509419588,0.023172564888538878,0.21800000000000003,0.02679137506321349,0.0,0.0,0.49413962969254294,5.851389114294502e-17,0.4865914978349285,0.035592038246243636,1.0,0.0,1.0,0.0,1.0,0.0,0.0,0.0,0.0,0.0,78.4,4.060651288757616,9.72038833424449e-07,1.826653821841071e-08,1.0,0.0,0.1550933179222473,0.00880468454196153,0.5735678672790527,0.0,0.45882692337036135,0.01989449617123237
beta=0.01,0.01,30,0.5,10,0.38099999999999995,0.037771241264574124,0.37110946937417644,0.04122091505819049,0.38099999999999995,0.037771241264574124,0.0,0.0,0.4698616035685691,5.851389114294502e-17,0.4604323305471626,0.028847090497060815,1.0,0.0,1.0,0.0,1.0,0.0,0.0,0.0,0.0,0.0,10.0,0.0,6.953487172722816e-07,5.4335714352407e-08,1.0,0.0,0.45272119370891933,0.0039014770939621566,0.9219434261322021,0.0,0.2901960849761963,0.010925905403530875
beta=0.01,0.01,30,0.8,10,0.391,0.034221500713894924,0.378515134219105,0.037616891294627024,0.391,0.034221500713894924,0.0,0.0,0.4698616035685691,5.851389114294502e-17,0.4604323305471626,0.028847090497060815,1.0,0.0,1.0,0.0,1.0,0.0,0.0,0.0,0.0,0.0,20.9,0.3162277660168379,8.118804544210434e-07,5.756198461284781e-08,1.0,0.0,0.3349630286816543,0.0032440574955675647,0.9219434261322021,0.0,0.32571046352386473,0.016768575245713242
beta=0.01,0.01,30,0.9,10,0.38150000000000006,0.02718761973153712,0.36432993892451065,0.029206436585368825,0.38150000000000006,0.02718761973153712,0.0,0.0,0.4698616035685691,5.851389114294502e-17,0.4604323305471626,0.028847090497060815,1.0,0.0,1.0,0.0,1.0,0.0,0.0,0.0,0.0,0.0,30.6,0.6992058987801011,9.075971320271492e-07,4.956133247029179e-08,1.0,0.0,0.2627615361647876,0.0030812190345110577,0.9219434261322021,0.0,0.3493920087814331,0.015897742382807833
beta=0.01,0.01,30,0.95,10,0.355,0.019720265943665386,0.33125293594196487,0.020798509475955636,0.355,0.019720265943665386,0.0,0.0,0.4698616035685691,5.851389114294502e-17,0.4604323305471626,0.028847090497060815,1.0,0.0,1.0,0.0,1.0,0.0,0.0,0.0,0.0,0.0,43.9,2.0248456731316584,9.414623491466046e-07,3.853339141338349e-08,1.0,0.0,0.20849198150648957,0.0036638642226600837,0.9219434261322021,0.0,0.3858311176300049,0.02076853377524333
beta=0.01,0.01,30,0.99,10,0.21050000000000005,0.025544079548889598,0.16214692649387505,0.028599752556400806,0.21050000000000005,0.025544079548889598,0.0,0.0,0.4698616035685691,5.851389114294502e-17,0.4604323305471626,0.028847090497060815,1.0,0.0,1.0,0.0,1.0,0.0,0.0,0.0,0.0,0.0,72.8,3.4253953543107007,9.67521918937564e-07,1.536320735037355e-08,1.0,0.0,0.15365186065685893,0.009020359825287962,0.9219434261322021,0.0,0.4625954866409302,0.0156319385202095
beta=0.01,0.01,50,0.5,10,0.39,0.016499158227686113,0.38086596253647503,0.018802991094750955,0.39,0.016499158227686113,0.0,0.0,0.44362457761533686,0.0,0.4378963524817164,0.029437358167499535,1.0,0.0,1.0,0.0,1.0,0.0,0.0,0.0,0.0,0.0,10.0,0.0,5.356501787900924e-07,5.7564830778519925e-08,1.0,0.0,0.45474051302440105,0.003146684789681921,0.9573614597320557,0.0,0.2952148914337158,0.01291491148929974
beta=0.01,0.01,50,0.8,10,0.38099999999999995,0.02447220645730354,0.3690947297603242,0.028000649798439015,0.38099999999999995,0.02447220645730354,0.0,0.0,0.44362457761533686,0.0,0.4378963524817164,0.029437358167499535,1.0,0.0,1.0,0.0,1.0,0.0,0.0,0.0,0.0,0.0,19.9,0.3162277660168379,8.561648428440094e-07,6.05276883609972e-08,1.0,0.0,0.3238093378272369,0.0026275301660656806,0.9573614597320557,0.0,0.3255011558532715,0.012665242013051817
beta=0.01,0.01,50,0.9,10,0.369,0.02183269719175042,0.35072929907610806,0.024633481240830802,0.369,0.02183269719175042,0.0,0.0,0.44362457761533686,0.0,0.4378963524817164,0.029437358167499535,1.0,0.0,1.0,0.0,1.0,0.0,0.0,0.0,0.0,0.0,29.4,0.8432740427115678,8.922885172069073e-07,4.8700148352817995e-08,1.0,0.0,0.24999969359709392,0.0026986538044153356,0.9573614597320557,0.0,0.3575465679168701,0.012251573934502259
beta=0.01,0.01,50,0.95,10,0.34750000000000003,0.025739075352467503,0.32306836008366,0.027753664924451214,0.34750000000000003,0.025739075352467503,0.0,0.0,0.44362457761533686,0.0,0.4378963524817164,0.029437358167499535,1.0,0.0,1.0,0.0,1.0,0.0,0.0,0.0,0.0,0.0,42.0,1.9436506316151,9.388575563207269e-07,2.6556441978460986e-08,1.0,0.0,0.1983229307057673,0.0035437180725395472,0.9573614597320557,0.0,0.39296679496765136,0.013653059787753016
beta=0.01,0.01,50,0.99,10,0.188,0.030659419433511782,0.12271397321377306,0.0280851798428369,0.188,0.030659419433511782,0.0,0.0,0.44362457761533686,0.0,0.4378963524817164,0.029437358167499535,1.0,0.0,1.0,0.0,1.0,0.0,0.0,0.0,0.0,0.0,66.5,2.9907264074877267,9.710260201245545e-07,1.9627684060732726e-08,1.0,0.0,0.15174923123605905,0.009352802768606018,0.9573614597320557,0.0,0.4563527822494507,0.01052246221595564
beta=0.03,0.03,5,0.5,10,0.32399999999999995,0.022211108331943584,0.31762564110756525,0.021598935855259828,0.3241633165829146,0.022225277999064326,0.1,0.31622776601683794,0.596786534047437,1.1702778228589004e-16,0.60039222609884,0.09231671257857837,0.9999542857142856,2.4093544077477398e-05,2.0,0.0,0.9999428571428572,1.1702778228589004e-16,4.8,2.5298221281347035,4.5714285714285716e-05,2.4093544077473366e-05,13.1,0.31622776601683794,8.001923561096192e-07,1.3310406571829635e-07,1.0,0.0,0.5564211422422286,0.002413523052474827,0.9036645889282227,0.0,0.25211024284362793,0.04500959566357373
beta=0.03,0.03,5,0.8,10,0.34700000000000003,0.026267851073127395,0.33740274057348335,0.02884106016222681,0.34717587939698497,0.026296042761907553,0.1,0.31622776601683794,0.596786534047437,1.1702778228589004e-16,0.60039222609884,0.09231671257857837,0.9999542857142856,2.4093544077477398e-05,2.0,0.0,0.9999428571428572,1.1702778228589004e-16,4.8,2.5298221281347035,4.5714285714285716e-05,2.4093544077473366e-05,32.3,1.4181364924121764,8.977949619293213e-07,5.3294657999959923e-08,1.0,0.0,0.40966680022680624,0.002532177972866313,0.9036645889282227,0.0,0.3394104719161987,0.02971454008419604
beta=0.03,0.03,5,0.9,10,0.3625,0.029462782549439487,0.3510495345129043,0.031459081536253604,0.3626859296482412,0.029521180216366585,0.1,0.31622776601683794,0.596786534047437,1.1702778228589004e-16,0.60039222609884,0.09231671257857837,0.9999542857142856,2.4093544077477398e-05,2.0,0.0,0.9999428571428572,1.1702778228589004e-16,4.8,2.5298221281347035,4.5714285714285716e-05,2.4093544077473366e-05,54.1,5.152130088074683,8.962117135524749e-07,4.319045745516446e-08,1.0,0.0,0.3257646852036224,0.0025142500738099586,0.9036645889282227,0.0,0.3865382194519043,0.017241055161539932
beta=0.03,0.03,5,0.95,10,0.363,0.02417528581929166,0.3488160361395057,0.02525229343085971,0.36318592964824126,0.024242161243545026,0.1,0.31622776601683794,0.596786534047437,1.1702778228589004e-16,0.60039222609884,0.09231671257857837,0.9999542857142856,2.4093544077477398e-05,2.0,0.0,0.9999428571428572,1.1702778228589004e-16,4.8,2.5298221281347035,4.5714285714285716e-05,2.4093544077473366e-05,80.7,14.507086390986839,9.536510333418846e-07,2.12296070953346e-08,1.0,0.0,0.2580279013032992,0.002717960904207129,0.9036645889282227,0.0,0.439261794090271,0.04167788958225707
beta=0.03,0.03,5,0.99,10,0.28150000000000003,0.040896210093357054,0.2535803529293823,0.03807117076514622,0.2816608040201006,0.04106721632402261,0.1,0.31622776601683794,0.596786534047437,1.1702778228589004e-16,0.60039222609884,0.09231671257857837,0.9999542857142856,2.4093544077477398e-05,2.0,0.0,0.9999428571428572,1.1702778228589004e-16,4.8,2.5298221281347035,4.5714285714285716e-05,2.4093544077473366e-05,156.3,44.763700571879546,9.764946298673749e-07,1.3327509793034626e-08,1.0,0.0,0.16321349043475614,0.006264554703266971,0.9036645889282227,0.0,0.5917714834213257,0.10178562366804617
beta=0.03,0.03,10,0.5,10,0.364,0.02674987019698517,0.3565069101233153,0.026530613830142154,0.364,0.02674987019698517,0.0,0.0,0.5457369692785641,0.0,0.5447086350458298,0.06853852597954453,1.0,0.0,1.0,0.0,1.0,0.0,0.0,0.0,0.0,0.0,12.1,0.31622776601683794,6.57700002193451e-07,1.8530682640015566e-07,1.0,0.0,0.5064461987295605,0.0030806382693701582,0.8996908664703369,0.0,0.28879733085632325,0.011851472710596424
beta=0.03,0.03,10,0.8,10,0.384,0.025582111805799862,0.372504003609384,0.025801947747611846,0.384,0.025582111805799862,0.0,0.0,0.5457369692785641,0.0,0.5447086350458298,0.06853852597954453,1.0,0.0,1.0,0.0,1.0,0.0,0.0,0.0,0.0,0.0,26.4,3.40587727318528,8.106231689453125e-07,1.13998346901016e-07,1.0,0.0,0.3663734264921149,0.00324746125844953,0.8996908664703369,0.0,0.34245915412902833,0.020331241912027332
beta=0.03,0.03,10,0.9,10,0.3885,0.0282891812850386,0.37441770858610024,0.03095392884006062,0.3885,0.0282891812850386,0.0,0.0,0.5457369692785641,0.0,0.5447086350458298,0.06853852597954453,1.0,0.0,1.0,0.0,1.0,0.0,0.0,0.0,0.0,0.0,40.3,10.446158251827425,8.700415492057801e-07,3.947374840176177e-08,1.0,0.0,0.29011998049576365,0.0033055688416498774,0.8996908664703369,0.0,0.352779221534729,0.026520330062747424
beta=0.03,0.03,10,0.95,10,0.3835,0.03240798941276331,0.3655654731209821,0.0338725213614351,0.3835,0.03240798941276331,0.0,0.0,0.5457369692785641,0.0,0.5447086350458298,0.06853852597954453,1.0,0.0,1.0,0.0,1.0,0.0,0.0,0.0,0.0,0.0,58.6,20.667741907512674,9.473704267293215e-07,3.7653111694347846e-08,1.0,0.0,0.2302942159125493,0.0037049245146227594,0.8996908664703369,0.0,0.4052991151809692,0.043140846874561226
beta=0.03,0.03,10,0.99,10,0.2415,0.033997548931258746,0.19916581088257435,0.03018050530528897,0.2415,0.033997548931258746,0.0,0.0,0.5457369692785641,0.0,0.5447086350458298,0.06853852597954453,1.0,0.0,1.0,0.0,1.0,0.0,0.0,0.0,0.0,0.0,110.1,42.19123131647144,9.77597665041685e-07,1.5213878711957332e-08,1.0,0.0,0.1566906711898531,0.009098718889048457,0.8996908664703369,0.0,0.5027491092681885,0.10515482825750226
beta=0.03,0.03,15,0.5,10,0.38950000000000007,0.021915240764768647,0.379468880707073,0.026830774890905813,0.38950000000000007,0.021915240764768647,0.0,0.0,0.5186025408348457,0.0,0.5146006002256803,0.04353114827837865,1.0,0.0,1.0,0.0,1.0,0.0,0.0,0.0,0.0,0.0,11.5,0.7071067811865476,6.40377402305603e-07,2.1661174109585652e-07,1.0,0.0,0.4742286516669464,0.0031643395725663047,0.908867597579956,0.0,0.29660539627075194,0.011699837496065995
beta=0.03,0.03,15,0.8,10,0.4085,0.020145305491189088,0.39729117563042027,0.02393170689250437,0.4085,0.020145305491189088,0.0,0.0,0.5186025408348457,0.0,0.5146006002256803,0.04353114827837865,1.0,0.0,1.0,0.0,1.0,0.0,0.0,0.0,0.0,0.0,23.3,2.7507574714370344,8.479692041873932e-07,6.317986302413988e-08,1.0,0.0,0.34855087047485367,0.0031698945684329,0.908867597579956,0.0,0.32459611892700196,0.019480938944805206
beta=0.03,0.03,15,0.9,10,0.406,0.02221110833194357,0.3922170537214461,0.02444825737419785,0.406,0.02221110833194357,0.0,0.0,0.5186025408348457,0.0,0.5146006002256803,0.04353114827837865,1.0,0.0,1.0,0.0,1.0,0.0,0.0,0.0,0.0,0.0,34.5,4.006938426723769,9.11252573132515e-07,6.648453560309192e-08,1.0,0.0,0.2765562456802953,0.003101527922680131,0.908867597579956,0.0,0.3611788034439087,0.021179821361139113
beta=0.03,0.03,15,0.95,10,0.38849999999999996,0.024158044438884356,0.3689917704473743,0.026187971854092322,0.38849999999999996,0.024158044438884356,0.0,0.0,0.5186025408348457,0.0,0.5146006002256803,0.04353114827837865,1.0,0.0,1.0,0.0,1.0,0.0,0.0,0.0,0.0,0.0,47.5,4.089281382128433,9.404262527823448e-07,3.9399083594486975e-08,1.0,0.0,0.2197400268483233,0.0034876262298459415,0.908867597579956,0.0,0.38530266284942627,0.012119790956720895
beta=0.03,0.03,15,0.99,10,0.23500000000000001,0.029344694769431686,0.1886026251206972,0.026329327925658105,0.23500000000000001,0.029344694769431686,0.0,0.0,0.5186025408348457,0.0,0.5146006002256803,0.04353114827837865,1.0,0.0,1.0,0.0,1.0,0.0,0.0,0.0,0.0,0.0,79.8,3.9384147967311813,9.725976269692182e-07,1.492192489186088e-08,1.0,0.0,0.1544830909151974,0.008552304859191858,0.908867597579956,0.0,0.4614359140396118,0.012767270322034787
beta=0.03,0.03,20,0.5,10,0.3875,0.03513861440384669,0.37635496203696184,0.03790997062701835,0.3875,0.03513861440384669,0.0,0.0,0.5002533355852051,1.1702778228589004e-16,0.49075473907903266,0.034900953997385666,1.0,0.0,1.0,0.0,1.0,0.0,0.0,0.0,0.0,0.0,10.7,0.674948557710553,6.635207682847977e-07,2.155689840992044e-07,1.0,0.0,0.45765242526671013,0.00363017162976244,0.9058055877685547,0.0,0.24258968830108643,0.05979593953528104
beta=0.03,0.03,20,0.8,10,0.4050000000000001,0.02953340857778224,0.3921195063862341,0.030209807028696266,0.4050000000000001,0.02953340857778224,0.0,0.0,0.5002533355852051,1.1702778228589004e-16,0.49075473907903266,0.034900953997385666,1.0,0.0,1.0,0.0,1.0,0.0,0.0,0.0,0.0,0.0,21.6,0.6992058987801011,8.499715477228164e-07,1.392900858131024e-07,1.0,0.0,0.340076541383231,0.00340214151255264,0.9058055877685547,0.0,0.3116070508956909,0.030731736893185934
beta=0.03,0.03,20,0.9,10,0.40249999999999997,0.02993047499344662,0.386909371804289,0.031389260940681264,0.40249999999999997,0.02993047499344662,0.0,0.0,0.5002533355852051,1.1702778228589004e-16,0.49075473907903266,0.034900953997385666,1.0,0.0,1.0,0.0,1.0,0.0,0.0,0.0,0.0,0.0,31.4,0.5163977794943222,9.013107046484947e-07,7.27401461586009e-08,1.0,0.0,0.26903921677394277,0.003232620398937435,0.9058055877685547,0.0,0.3508725881576538,0.017866650715140323
beta=0.03,0.03,20,0.95,10,0.369,0.02481039208790452,0.3465699246159906,0.0262854222385988,0.369,0.02481039208790452,0.0,0.0,0.5002533355852051,1.1702778228589004e-16,0.49075473907903266,0.034900953997385666,1.0,0.0,1.0,0.0,1.0,0.0,0.0,0.0,0.0,0.0,44.4,2.0110804171997807,9.563722414895891e-07,3.515297794855685e-08,1.0,0.0,0.2135907040131305,0.0036182947536390346,0.9058055877685547,0.0,0.37983343601226804,0.016916455138732578
beta=0.03,0.03,20,0.99,10,0.22949999999999995,0.0227852291335125,0.18820543981297724,0.021195550767693347,0.22949999999999995,0.0227852291335125,0.0,0.0,0.5002533355852051,1.1702778228589004e-16,0.49075473907903266,0.034900953997385666,1.0,0.0,1.0,0.0,1.0,0.0,0.0,0.0,0.0,0.0,75.5,3.689323936863109,9.696697816252708e-07,1.6050962296798062e-08,1.0,0.0,0.15357727985508385,0.00852226536595011,0.9058055877685547,0.0,0.46040537357330324,0.02045715983122833
beta=0.03,0.03,30,0.5,10,0.3955,0.038618504487989806,0.3834803597932031,0.04457331944793026,0.3955,0.038618504487989806,0.0,0.0,0.47829527470042954,5.851389114294502e-17,0.47551254061431336,0.02960147640700458,1.0,0.0,1.0,0.0,1.0,0.0,0.0,0.0,0.0,0.0,10.0,0.0,6.719492375850677e-07,5.8146575491958415e-08,1.0,0.0,0.4499081684457263,0.00375545930782552,0.9221451282501221,0.0,0.30249457359313964,0.012785151159853448
beta=0.03,0.03,30,0.8,10,0.4035,0.03712217067408041,0.38972182410717143,0.04388596843962299,0.4035,0.03712217067408041,0.0,0.0,0.47829527470042954,5.851389114294502e-17,0.47551254061431336,0.02960147640700458,1.0,0.0,1.0,0.0,1.0,0.0,0.0,0.0,0.0,0.0,20.9,0.3162277660168379,7.468275725841522e-07,5.286927214215673e-08,1.0,0.0,0.3318789091677538,0.003226817519241841,0.9221451282501221,0.0,0.3277818918228149,0.020334466232365397
beta=0.03,0.03,30,0.9,10,0.3955,0.028131635019829345,0.3784017145959479,0.03416168699430166,0.3955,0.028131635019829345,0.0,0.0,0.47829527470042954,5.851389114294502e-17,0.47551254061431336,0.02960147640700458,1.0,0.0,1.0,0.0,1.0,0.0,0.0,0.0,0.0,0.0,30.2,0.7888106377466155,8.91881063580513e-07,5.651571347340526e-08,1.0,0.0,0.25971601215055296,0.0030881643706985548,0.9221451282501221,0.0,0.358275842666626,0.017285278485991873
beta=0.03,0.03,30,0.95,10,0.3665,0.021479964825131547,0.34306747242437924,0.026689443151006825,0.3665,0.021479964825131547,0.0,0.0,0.47829527470042954,5.851389114294502e-17,0.47551254061431336,0.02960147640700458,1.0,0.0,1.0,0.0,1.0,0.0,0.0,0.0,0.0,0.0,43.0,2.160246899469287,9.490759111940861e-07,2.7218691722535636e-08,1.0,0.0,0.20576199437745268,0.0035898092710339377,0.9221451282501221,0.0,0.3827606439590454,0.009191013105567886
beta=0.03,0.03,30,0.99,10,0.215,0.02886751345948129,0.168127041061807,0.02658986313955519,0.215,0.02886751345948129,0.0,0.0,0.47829527470042954,5.851389114294502e-17,0.47551254061431336,0.02960147640700458,1.0,0.0,1.0,0.0,1.0,0.0,0.0,0.0,0.0,0.0,69.8,3.4896672875473067,9.732029866427183e-07,1.5840001661982204e-08,1.0,0.0,0.15220392424837464,0.008719726564613898,0.9221451282501221,0.0,0.44684436321258547,0.009619623531821197
beta=0.03,0.03,50,0.5,10,0.39699999999999996,0.020976176963403023,0.38932119268877646,0.024599271004079434,0.39699999999999996,0.020976176963403023,0.0,0.0,0.4480279375513557,5.851389114294502e-17,0.4434501359547521,0.021670105818869502,1.0,0.0,1.0,0.0,1.0,0.0,0.0,0.0,0.0,0.0,9.9,0.31622776601683794,5.769077688455582e-07,1.500254148601947e-07,1.0,0.0,0.4523975737041944,0.0031666852920102496,0.9473409652709961,0.0,0.3029338359832764,0.01612852835496896
beta=0.03,0.03,50,0.8,10,0.392,0.025841396591085745,0.37911528165254793,0.030939321360406766,0.392,0.025841396591085745,0.0,0.0,0.4480279375513557,5.851389114294502e-17,0.4434501359547521,0.021670105818869502,1.0,0.0,1.0,0.0,1.0,0.0,0.0,0.0,0.0,0.0,19.9,0.3162277660168379,7.878523319959641e-07,6.021210322940507e-08,1.0,0.0,0.32095047248562175,0.002714660571095526,0.9473409652709961,0.0,0.3241527557373047,0.014432654220711952
beta=0.03,0.03,50,0.9,10,0.38149999999999995,0.02297945942696554,0.3625586178157466,0.026989205127234496,0.38149999999999995,0.02297945942696554,0.0,0.0,0.4480279375513557,5.851389114294502e-17,0.4434501359547521,0.021670105818869502,1.0,0.0,1.0,0.0,1.0,0.0,0.0,0.0,0.0,0.0,28.8,1.0327955589886444,9.100651368498802e-07,5.4353980064307124e-08,1.0,0.0,0.24710566060502615,0.0027221121262915315,0.9473409652709961,0.0,0.36038668155670167,0.014389946618138971
beta=0.03,0.03,50,0.95,10,0.35900000000000004,0.024810392087904524,0.33382472833202026,0.027280422690570665,0.35900000000000004,0.024810392087904524,0.0,0.0,0.4480279375513557,5.851389114294502e-17,0.4434501359547521,0.021670105818869502,1.0,0.0,1.0,0.0,1.0,0.0,0.0,0.0,0.0,0.0,41.0,1.699673171197595,9.56945586949587e-07,3.552931073539403e-08,1.0,0.0,0.19570697979204713,0.003429699226186212,0.9473409652709961,0.0,0.39656260013580324,0.011950124635860895
beta=0.03,0.03,50,0.99,10,0.197,0.033099177566150426,0.13463376862101623,0.03444956816369277,0.197,0.033099177566150426,0.0,0.0,0.4480279375513557,5.851389114294502e-17,0.4434501359547521,0.021670105818869502,1.0,0.0,1.0,0.0,1.0,0.0,0.0,0.0,0.0,0.0,64.1,2.8460498941515415,9.571900591254235e-07,2.218049150643343e-08,1.0,0.0,0.15003518890390793,0.008858050678861388,0.9473409652709961,0.0,0.456829571723938,0.017348613497921085
beta=0,0.0,5,0.5,10,0.33799999999999997,0.018439088914585764,0.33170853690456975,0.02019163300584057,0.33817839195979904,0.018629479024595334,0.1,0.31622776601683794,0.5960784313725489,1.1702778228589004e-16,0.5969285003019266,0.08357117500189726,0.9999542857142856,2.4093544077477398e-05,2.0,0.0,0.9999428571428572,1.1702778228589004e-16,4.8,2.5298221281347035,4.5714285714285716e-05,2.4093544077473366e-05,13.3,0.4830458915396479,7.271766662597656e-07,1.7823350268100875e-07,1.0,0.0,0.5565097889098494,0.0025010216096749997,0.9064173698425293,0.0,0.2995790958404541,0.020735811214026012
beta=0,0.0,5,0.8,10,0.353,0.020709632756012085,0.34571512054527265,0.022316448609320666,0.3531809045226131,0.02078533674742043,0.1,0.31622776601683794,0.5960784313725489,1.1702778228589004e-16,0.5969285003019266,0.08357117500189726,0.9999542857142856,2.4093544077477398e-05,2.0,0.0,0.9999428571428572,1.1702778228589004e-16,4.8,2.5298221281347035,4.5714285714285716e-05,2.4093544077473366e-05,32.7,1.4944341180973264,8.754432201385498e-07,6.794613609862552e-08,1.0,0.0,0.4114633824139752,0.002770433167825003,0.9064173698425293,0.0,0.28152849674224856,0.04672591407780553
beta=0,0.0,5,0.9,10,0.366,0.02447220645730353,0.3565251181806857,0.026978001132321367,0.3661959798994975,0.024692614916316413,0.1,0.31622776601683794,0.5960784313725489,1.1702778228589004e-16,0.5969285003019266,0.08357117500189726,0.9999542857142856,2.4093544077477398e-05,2.0,0.0,0.9999428571428572,1.1702778228589004e-16,4.8,2.5298221281347035,4.5714285714285716e-05,2.4093544077473366e-05,54.5,5.461989869391313,9.052455425262451e-07,4.7023336660766324e-08,1.0,0.0,0.3283980363476692,0.002837169967229269,0.9064173698425293,0.0,0.3834133863449097,0.019533130854444334
beta=0,0.0,5,0.95,10,0.369,0.018073922282301282,0.3564961126156594,0.021205703882008636,0.3691934673366834,0.018273472614911846,0.1,0.31622776601683794,0.5960784313725489,1.1702778228589004e-16,0.5969285003019266,0.08357117500189726,0.9999542857142856,2.4093544077477398e-05,2.0,0.0,0.9999428571428572,1.1702778228589004e-16,4.8,2.5298221281347035,4.5714285714285716e-05,2.4093544077473366e-05,79.8,14.281300905574238,9.488314390182495e-07,2.9177477327354097e-08,1.0,0.0,0.26096531556269686,0.003075723310696614,0.9064173698425293,0.0,0.44653797149658203,0.02823908276293385
beta=0,0.0,5,0.99,10,0.28600000000000003,0.03281259920619923,0.2591185873294589,0.031505559817810544,0.2861733668341709,0.033161687917181285,0.1,0.31622776601683794,0.5960784313725489,1.1702778228589004e-16,0.5969285003019266,0.08357117500189726,0.9999542857142856,2.4093544077477398e-05,2.0,0.0,0.9999428571428572,1.1702778228589004e-16,4.8,2.5298221281347035,4.5714285714285716e-05,2.4093544077473366e-05,150.2,38.35738375969989,9.864219464361667e-07,7.832479510382564e-09,1.0,0.0,0.16512333766464093,0.0068115204138181114,0.9064173698425293,0.0,0.5831823348999023,0.08600422175967384
beta=0,0.0,10,0.5,10,0.36449999999999994,0.036851805322881466,0.3563891902114739,0.039699353680300295,0.36449999999999994,0.036851805322881466,0.0,0.0,0.5457122608079377,0.0,0.5373058036149743,0.05673631130874136,1.0,0.0,1.0,0.0,1.0,0.0,0.0,0.0,0.0,0.0,12.1,0.31622776601683794,6.232410669326783e-07,1.8425066384792931e-07,1.0,0.0,0.5075183426905175,0.002998877711120662,0.9013774394989014,0.0,0.2869250774383545,0.013137350744056765
beta=0,0.0,10,0.8,10,0.3815,0.036972211787292965,0.3700643503133981,0.040393532109546486,0.3815,0.036972211787292965,0.0,0.0,0.5457122608079377,0.0,0.5373058036149743,0.05673631130874136,1.0,0.0,1.0,0.0,1.0,0.0,0.0,0.0,0.0,0.0,26.1,3.5418137224371984,8.319504559040069e-07,9.39831691470381e-08,1.0,0.0,0.36936931994895844,0.0031458087204995024,0.9013774394989014,0.0,0.32384576797485354,0.018828914726851678
beta=0,0.0,10,0.9,10,0.3815,0.03873341939175753,0.3680581984497374,0.04190317067290559,0.3815,0.03873341939175753,0.0,0.0,0.5457122608079377,0.0,0.5373058036149743,0.05673631130874136,1.0,0.0,1.0,0.0,1.0,0.0,0.0,0.0,0.0,0.0,40.1,10.300485425454472,9.167473763227463e-07,4.700901371736837e-08,1.0,0.0,0.2936458338630554,0.003123576038350999,0.9013774394989014,0.0,0.3586853265762329,0.03182783251132885
beta=0,0.0,10,0.95,10,0.3695,0.037301325564769,0.35382300125545274,0.04292258943527675,0.3695,0.037301325564769,0.0,0.0,0.5457122608079377,0.0,0.5373058036149743,0.05673631130874136,1.0,0.0,1.0,0.0,1.0,0.0,0.0,0.0,0.0,0.0,59.0,20.445048300260872,9.585419320501387e-07,4.059304579438439e-08,1.0,0.0,0.2337450892500934,0.0035192797849237937,0.9013774394989014,0.0,0.4052797079086304,0.04270562024820239
beta=0,0.0,10,0.99,10,0.2425,0.03802411515516611,0.19659675303449503,0.03208530488084688,0.2425,0.03802411515516611,0.0,0.0,0.5457122608079377,0.0,0.5373058036149743,0.05673631130874136,1.0,0.0,1.0,0.0,1.0,0.0,0.0,0.0,0.0,0.0,113.5,40.89892690795472,9.804032742977143e-07,1.5756899700163715e-08,1.0,0.0,0.15834319967184038,0.008985276030509743,0.9013774394989014,0.0,0.5159136295318604,0.10118338166367104
beta=0,0.0,15,0.5,10,0.376,0.030623157540948936,0.36579233759344454,0.031061374969088496,0.376,0.030623157540948936,0.0,0.0,0.5181167782137087,0.0,0.5147607934139641,0.049685695128714236,1.0,0.0,1.0,0.0,1.0,0.0,0.0,0.0,0.0,0.0,11.5,0.7071067811865476,6.496906280517578e-07,2.048661296413986e-07,1.0,0.0,0.4768361594003652,0.0034016443560543606,0.9071359634399414,0.0,0.30460495948791505,0.015620576565318614
beta=0,0.0,15,0.8,10,0.38750000000000007,0.029650744791095328,0.37349171652333174,0.02980122265976203,0.38750000000000007,0.029650744791095328,0.0,0.0,0.5181167782137087,0.0,0.5147607934139641,0.049685695128714236,1.0,0.0,1.0,0.0,1.0,0.0,0.0,0.0,0.0,0.0,23.5,3.1710495984067415,8.804257959127426e-07,8.574971344775228e-08,1.0,0.0,0.3526770909597689,0.0034187842986425723,0.9071359634399414,0.0,0.32439422607421875,0.02419959110034559
beta=0,0.0,15,0.9,10,0.3945,0.03662497629881676,0.3769044190723667,0.03860311049894798,0.3945,0.03662497629881676,0.0,0.0,0.5181167782137087,0.0,0.5147607934139641,0.049685695128714236,1.0,0.0,1.0,0.0,1.0,0.0,0.0,0.0,0.0,0.0,35.5,4.766783215358364,8.977483958005906e-07,5.4109605592598136e-08,1.0,0.0,0.28093439232233736,0.0032585438807797035,0.9071359634399414,0.0,0.3703782558441162,0.019344716260897378
beta=0,0.0,15,0.95,10,0.383,0.03675746333890726,0.3622536887083525,0.03883218415177227,0.383,0.03675746333890726,0.0,0.0,0.5181167782137087,0.0,0.5147607934139641,0.049685695128714236,1.0,0.0,1.0,0.0,1.0,0.0,0.0,0.0,0.0,0.0,49.2,5.573747990954263,9.335577487945556e-07,3.651866981303058e-08,1.0,0.0,0.22384352099972826,0.0037203125146238413,0.9071359634399414,0.0,0.39078760147094727,0.020471983638668517
beta=0,0.0,15,0.99,10,0.23549999999999996,0.031220541670865076,0.18936638817556634,0.02628274897502087,0.23549999999999996,0.031220541670865076,0.0,0.0,0.5181167782137087,0.0,0.5147607934139641,0.049685695128714236,1.0,0.0,1.0,0.0,1.0,0.0,0.0,0.0,0.0,0.0,84.0,4.268749491621899,9.77847957983613e-07,1.9697635478233252e-08,1.0,0.0,0.1566151898036897,0.009307461554969126,0.9071359634399414,0.0,0.46300740242004396,0.01732152777306954
beta=0,0.0,20,0.5,10,0.388,0.03074988708199683,0.37786922223578484,0.03473144029450754,0.388,0.03074988708199683,0.0,0.0,0.4976671850699844,5.851389114294502e-17,0.4904749644096856,0.036935273309901956,1.0,0.0,1.0,0.0,1.0,0.0,0.0,0.0,0.0,0.0,10.7,0.674948557710553,6.909482181072235e-07,2.1244066979110234e-07,1.0,0.0,0.4612400496284167,0.003870607501398761,0.8958020210266113,0.0,0.3017530679702759,0.016724678856124768
beta=0,0.0,20,0.8,10,0.3935,0.03300252515591294,0.3799258604108777,0.037487879639736925,0.3935,0.03300252515591294,0.0,0.0,0.4976671850699844,5.851389114294502e-17,0.4904749644096856,0.036935273309901956,1.0,0.0,1.0,0.0,1.0,0.0,0.0,0.0,0.0,0.0,22.0,0.4714045207910317,7.718335837125778e-07,9.03876827373049e-08,1.0,0.0,0.3445435882511877,0.003470703571651256,0.8958020210266113,0.0,0.2642922878265381,0.049717786588385604
beta=0,0.0,20,0.9,10,0.39099999999999996,0.036423435679060624,0.37343170704633666,0.04171015338862168,0.39099999999999996,0.036423435679060624,0.0,0.0,0.4976671850699844,5.851389114294502e-17,0.4904749644096856,0.036935273309901956,1.0,0.0,1.0,0.0,1.0,0.0,0.0,0.0,0.0,0.0,32.0,0.4714045207910317,8.94232653081417e-07,4.686655243222098e-08,1.0,0.0,0.27357843429046014,0.0032572080241420557,0.8958020210266113,0.0,0.355517315864563,0.025273330312592577
beta=0,0.0,20,0.95,10,0.3595,0.026082135222749256,0.3364877975970006,0.03041970077729999,0.3595,0.026082135222749256,0.0,0.0,0.4976671850699844,5.851389114294502e-17,0.4904749644096856,0.036935273309901956,1.0,0.0,1.0,0.0,1.0,0.0,0.0,0.0,0.0,0.0,45.7,2.2135943621178655,9.388197213411331e-07,2.483649341241161e-08,1.0,0.0,0.21770547419316003,0.003820433343446301,0.8958020210266113,0.0,0.3908060312271118,0.017084068748749636
beta=0,0.0,20,0.99,10,0.22399999999999998,0.03151719107619417,0.17569437123642498,0.027013381101935956,0.22399999999999998,0.03151719107619417,0.0,0.0,0.4976671850699844,5.851389114294502e-17,0.4904749644096856,0.036935273309901956,1.0,0.0,1.0,0.0,1.0,0.0,0.0,0.0,0.0,0.0,79.3,3.8887301554906353,9.794486686587333e-07,1.974664905947526e-08,1.0,0.0,0.15529701474834767,0.009136408233986662,0.8958020210266113,0.0,0.4555633783340454,0.02178273989512552
beta=0,0.0,30,0.5,10,0.395,0.03643868518179241,0.3839144508829402,0.04015293987790958,0.395,0.03643868518179241,0.0,0.0,0.47184801381692576,0.0,0.46942669821842625,0.028948041379969702,1.0,0.0,1.0,0.0,1.0,0.0,0.0,0.0,0.0,0.0,10.0,0.0,6.83637335896492e-07,4.041723589330353e-08,1.0,0.0,0.45413515479628536,0.0039476688917288155,0.9229025840759277,0.0,0.2975247144699097,0.01820452824672145
beta=0,0.0,30,0.8,10,0.39649999999999996,0.03873341939175752,0.38301121426597556,0.04305540925634858,0.39649999999999996,0.03873341939175752,0.0,0.0,0.47184801381692576,0.0,0.46942669821842625,0.028948041379969702,1.0,0.0,1.0,0.0,1.0,0.0,0.0,0.0,0.0,0.0,20.9,0.3162277660168379,8.129049092531204e-07,5.0376646188147407e-08,1.0,0.0,0.33658289977854206,0.0032945801109300773,0.9229025840759277,0.0,0.3400725841522217,0.020494163684998606
beta=0,0.0,30,0.9,10,0.39150000000000007,0.030097065194688553,0.3748667783576817,0.033443295127846155,0.39150000000000007,0.030097065194688553,0.0,0.0,0.47184801381692576,0.0,0.46942669821842625,0.028948041379969702,1.0,0.0,1.0,0.0,1.0,0.0,0.0,0.0,0.0,0.0,30.8,0.6324555320336759,8.905073627829551e-07,6.265024661202998e-08,1.0,0.0,0.2642960069422495,0.0031317867153598626,0.9229025840759277,0.0,0.3568889856338501,0.016941258483235515
beta=0,0.0,30,0.95,10,0.359,0.02282785822435192,0.33697769659017773,0.02547289844807682,0.359,0.02282785822435192,0.0,0.0,0.47184801381692576,0.0,0.46942669821842625,0.028948041379969702,1.0,0.0,1.0,0.0,1.0,0.0,0.0,0.0,0.0,0.0,44.2,2.250925735484551,9.414041414856911e-07,2.3482265483606215e-08,1.0,0.0,0.20973432447937274,0.003838297760453275,0.9229025840759277,0.0,0.38764657974243166,0.019326200442676883
beta=0,0.0,30,0.99,10,0.21200000000000002,0.02936362072739365,0.16235617758591192,0.02847972026747778,0.21200000000000002,0.02936362072739365,0.0,0.0,0.47184801381692576,0.0,0.46942669821842625,0.028948041379969702,1.0,0.0,1.0,0.0,1.0,0.0,0.0,0.0,0.0,0.0,73.9,3.446415206816755,9.717594366520644e-07,2.1778224313824824e-08,1.0,0.0,0.15369873734223702,0.009472483605753543,0.9229025840759277,0.0,0.4628203630447388,0.018072760172039157
beta=0,0.0,50,0.5,10,0.39,0.025385910352879685,0.38016902744359615,0.027920340221566736,0.39,0.025385910352879685,0.0,0.0,0.44082594235033257,0.0,0.43766254770031354,0.02220022945155125,1.0,0.0,1.0,0.0,1.0,0.0,0.0,0.0,0.0,0.0,9.9,0.31622776601683794,5.850102752447128e-07,1.414612687648969e-07,1.0,0.0,0.45573858751556706,0.003428566830864793,0.9504809379577637,0.0,0.2998554229736328,0.012930387061411551
beta=0,0.0,50,0.8,10,0.38400000000000006,0.020520991962161853,0.369903292437038,0.021770079596982468,0.38400000000000006,0.020520991962161853,0.0,0.0,0.44082594235033257,0.0,0.43766254770031354,0.02220022945155125,1.0,0.0,1.0,0.0,1.0,0.0,0.0,0.0,0.0,0.0,19.9,0.3162277660168379,8.414033800363541e-07,5.5340142939739847e-08,1.0,0.0,0.3251593850674303,0.0027880778084933447,0.9504809379577637,0.0,0.3283235549926758,0.008618202354166183
beta=0,0.0,50,0.9,10,0.37500000000000006,0.02309401076758503,0.35668237386379975,0.025589092493355916,0.37500000000000006,0.02309401076758503,0.0,0.0,0.44082594235033257,0.0,0.43766254770031354,0.02220022945155125,1.0,0.0,1.0,0.0,1.0,0.0,0.0,0.0,0.0,0.0,29.4,0.8432740427115678,9.117531590163707e-07,5.0484518424466656e-08,1.0,0.0,0.25133950147081696,0.0028207054697896128,0.9504809379577637,0.0,0.3590532779693604,0.014183050628025856
beta=0,0.0,50,0.95,10,0.35200000000000004,0.023944379994757292,0.3280878265644461,0.026782368005822753,0.35200000000000004,0.023944379994757292,0.0,0.0,0.44082594235033257,0.0,0.43766254770031354,0.02220022945155125,1.0,0.0,1.0,0.0,1.0,0.0,0.0,0.0,0.0,0.0,42.3,1.946506842754191,9.480572771281004e-07,3.3416394072769215e-08,1.0,0.0,0.19939952337637545,0.0036679108414555436,0.9504809379577637,0.0,0.39060699939727783,0.011836395461467175
beta=0,0.0,50,0.99,10,0.1915,0.030189218090054752,0.12513221500829036,0.031692931745236616,0.1915,0.030189218090054752,0.0,0.0,0.44082594235033257,0.0,0.43766254770031354,0.02220022945155125,1.0,0.0,1.0,0.0,1.0,0.0,0.0,0.0,0.0,0.0,67.9,2.9230881691191666,9.625160600990058e-07,1.689021993971886e-08,1.0,0.0,0.15153174419761412,0.009313121238056478,0.9504809379577637,0.0,0.4703449010848999,0.017351902886721338
beta=0.1,0.1,5,0.5,10,0.3370000000000001,0.022632326929023935,0.32900005369029084,0.023763236094340556,0.3370000000000001,0.022632326929023935,0.0,0.0,0.6323076923076922,1.1702778228589004e-16,0.6486595081514974,0.07197008511279075,1.0,0.0,1.0,0.0,1.0,0.0,0.0,0.0,0.0,0.0,13.4,0.5163977794943222,6.623566150665284e-07,1.482834009682177e-07,1.0,0.0,0.5559044873405496,0.001195377265376112,0.898533821105957,0.0,0.3005819797515869,0.0191014501352824
beta=0.1,0.1,5,0.8,10,0.35550000000000004,0.01690660620388767,0.34453852698500576,0.019032563527530598,0.35550000000000004,0.01690660620388767,0.0,0.0,0.6323076923076922,1.1702778228589004e-16,0.6486595081514974,0.07197008511279075,1.0,0.0,1.0,0.0,1.0,0.0,0.0,0.0,0.0,0.0,32.6,1.7126976771553508,8.195638656616211e-07,7.20650858111526e-08,1.0,0.0,0.40569911652560037,0.001344586074254095,0.898533821105957,0.0,0.32611660957336425,0.05298919567248764
beta=0.1,0.1,5,0.9,10,0.3705,0.016406299603099618,0.35827481278324136,0.018030794268437816,0.3705,0.016406299603099618,0.0,0.0,0.6323076923076922,1.1702778228589004e-16,0.6486595081514974,0.07197008511279075,1.0,0.0,1.0,0.0,1.0,0.0,0.0,0.0,0.0,0.0,53.5,6.114645442614713,9.294599294662476e-07,4.883304760415277e-08,1.0,0.0,0.31996268268497924,0.0013507318419326145,0.898533821105957,0.0,0.33926920890808104,0.05242410569788826
beta=0.1,0.1,5,0.95,10,0.3695,0.015174906186786716,0.3536938673189768,0.017696543904863096,0.3695,0.015174906186786716,0.0,0.0,0.6323076923076922,1.1702778228589004e-16,0.6486595081514974,0.07197008511279075,1.0,0.0,1.0,0.0,1.0,0.0,0.0,0.0,0.0,0.0,79.4,13.922004964164545,9.434297680854797e-07,4.752280735256406e-08,1.0,0.0,0.2515576238934483,0.0014905991671133843,0.898533821105957,0.0,0.4226557970046997,0.03267463198480939
beta=0.1,0.1,5,0.99,10,0.2945,0.0363967336751833,0.26225993780430207,0.0358543712292865,0.2945,0.0363967336751833,0.0,0.0,0.6323076923076922,1.1702778228589004e-16,0.6486595081514974,0.07197008511279075,1.0,0.0,1.0,0.0,1.0,0.0,0.0,0.0,0.0,0.0,138.3,33.32683269945972,9.813287761062383e-07,1.0999055924321555e-08,1.0,0.0,0.15817741553066034,0.0042612554807339095,0.898533821105957,0.0,0.5606486558914184,0.0748390686961194
beta=0.1,0.1,10,0.5,10,0.3735,0.032833756342452745,0.36397737865409086,0.036595595381241054,0.3735,0.032833756342452745,0.0,0.0,0.5634278002699056,0.0,0.5752958904156893,0.04628716862442924,1.0,0.0,1.0,0.0,1.0,0.0,0.0,0.0,0.0,0.0,12.0,0.4714045207910317,6.914138793945312e-07,1.9463785231310104e-07,1.0,0.0,0.5028060355035109,0.0017367274930666832,0.9048545360565186,0.0,0.2901521921157837,0.009963498405129884
beta=0.1,0.1,10,0.8,10,0.39449999999999996,0.03353687854023123,0.3815805095489129,0.03671574346367189,0.39449999999999996,0.03353687854023123,0.0,0.0,0.5634278002699056,0.0,0.5752958904156893,0.04628716862442924,1.0,0.0,1.0,0.0,1.0,0.0,0.0,0.0,0.0,0.0,25.4,3.3065591380365986,8.18539410829544e-07,1.0943245008680175e-07,1.0,0.0,0.3580763022070697,0.001787690383708503,0.9048545360565186,0.0,0.3228269577026367,0.01872666692090524
beta=0.1,0.1,10,0.9,10,0.40099999999999997,0.038282575090444936,0.38471122386710693,0.0410850182052496,0.40099999999999997,0.038282575090444936,0.0,0.0,0.5634278002699056,0.0,0.5752958904156893,0.04628716862442924,1.0,0.0,1.0,0.0,1.0,0.0,0.0,0.0,0.0,0.0,37.0,8.259674462242579,9.231269359588623e-07,6.259530116890239e-08,1.0,0.0,0.2806131276275573,0.001833081818068898,0.9048545360565186,0.0,0.35478901863098145,0.01814260325047437
beta=0.1,0.1,10,0.95,10,0.393,0.03591656999213594,0.3728841207734448,0.03784943125245328,0.393,0.03591656999213594,0.0,0.0,0.5634278002699056,0.0,0.5752958904156893,0.04628716862442924,1.0,0.0,1.0,0.0,1.0,0.0,0.0,0.0,0.0,0.0,52.7,12.428014948315582,9.497103746980428e-07,3.5123771959292315e-08,1.0,0.0,0.22113204847229379,0.002057629197544848,0.9048545360565186,0.0,0.38672351837158203,0.026616410901448825
beta=0.1,0.1,10,0.99,10,0.2565,0.03366914182320528,0.2213910205131342,0.026516717112235213,0.2565,0.03366914182320528,0.0,0.0,0.5634278002699056,0.0,0.5752958904156893,0.04628716862442924,1.0,0.0,1.0,0.0,1.0,0.0,0.0,0.0,0.0,0.0,84.3,16.526409840682952,9.632203727960587e-07,2.5028466938461032e-08,1.0,0.0,0.15079641345330647,0.00595847338684638,0.9048545360565186,0.0,0.45871126651763916,0.03793753368420078
beta=0.1,0.1,15,0.5,10,0.39449999999999996,0.03378444744092892,0.386908430392888,0.03520242850874778,0.39449999999999996,0.03378444744092892,0.0,0.0,0.5350553505535054,1.1702778228589004e-16,0.5358330770408254,0.02507354731794226,1.0,0.0,1.0,0.0,1.0,0.0,0.0,0.0,0.0,0.0,11.3,0.4830458915396479,6.85080885887146e-07,1.877277735235012e-07,1.0,0.0,0.4672141079483927,0.001952124015927704,0.9171841144561768,0.0,0.30446064472198486,0.01405043025197195
beta=0.1,0.1,15,0.8,10,0.4125,0.034900652652286535,0.40050442684200727,0.0379177116055728,0.4125,0.034900652652286535,0.0,0.0,0.5350553505535054,1.1702778228589004e-16,0.5358330770408254,0.02507354731794226,1.0,0.0,1.0,0.0,1.0,0.0,0.0,0.0,0.0,0.0,22.2,2.5298221281347035,8.720438927412033e-07,7.669650150332198e-08,1.0,0.0,0.33794006158296547,0.002001750958417507,0.9171841144561768,0.0,0.3054593324661255,0.021914160452861466
beta=0.1,0.1,15,0.9,10,0.41450000000000004,0.03730132556476899,0.40044998480204363,0.040757650273712184,0.41450000000000004,0.03730132556476899,0.0,0.0,0.5350553505535054,1.1702778228589004e-16,0.5358330770408254,0.02507354731794226,1.0,0.0,1.0,0.0,1.0,0.0,0.0,0.0,0.0,0.0,32.2,3.881580434135903,8.764676749706269e-07,5.88651043141098e-08,1.0,0.0,0.26575685946893834,0.0019735203590783654,0.9171841144561768,0.0,0.34198384284973143,0.020565933628538754
beta=0.1,0.1,15,0.95,10,0.397,0.03705851229249946,0.37598188919553766,0.04012721694826123,0.397,0.03705851229249946,0.0,0.0,0.5350553505535054,1.1702778228589004e-16,0.5358330770408254,0.02507354731794226,1.0,0.0,1.0,0.0,1.0,0.0,0.0,0.0,0.0,0.0,44.2,3.155242550986462,9.413401130586863e-07,4.036373302120539e-08,1.0,0.0,0.21012899012733074,0.0022288764152473928,0.9171841144561768,0.0,0.3729135751724243,0.014332679171121765
beta=0.1,0.1,15,0.99,10,0.23899999999999996,0.028848262031225074,0.20077738491912936,0.024969335836652378,0.23899999999999996,0.028848262031225074,0.0,0.0,0.5350553505535054,1.1702778228589004e-16,0.5358330770408254,0.02507354731794226,1.0,0.0,1.0,0.0,1.0,0.0,0.0,0.0,0.0,0.0,69.6,3.025814858109391,9.717652574181556e-07,2.4093500180102743e-08,1.0,0.0,0.14983801759793644,0.0061317074962631635,0.9171841144561768,0.0,0.4345916748046875,0.010477782609684646
beta=0.1,0.1,20,0.5,10,0.385,0.04870546398734152,0.37556251314941586,0.04909857559540353,0.385,0.04870546398734152,0.0,0.0,0.5144356955380578,0.0,0.5113511363968937,0.02503861354422422,1.0,0.0,1.0,0.0,1.0,0.0,0.0,0.0,0.0,0.0,10.7,0.674948557710553,6.345100700855255e-07,2.0531575948231688e-07,1.0,0.0,0.4483795838105962,0.002187893462271329,0.9110252857208252,0.0,0.30447797775268554,0.013731418692449659
beta=0.1,0.1,20,0.8,10,0.404,0.04370354676682431,0.3915663553364709,0.044412807465194264,0.404,0.04370354676682431,0.0,0.0,0.5144356955380578,0.0,0.5113511363968937,0.02503861354422422,1.0,0.0,1.0,0.0,1.0,0.0,0.0,0.0,0.0,0.0,20.6,0.8432740427115678,8.73953104019165e-07,1.2260916618236958e-07,1.0,0.0,0.3287962270278306,0.0020711769546166723,0.9110252857208252,0.0,0.32326033115386965,0.016284138177257313
beta=0.1,0.1,20,0.9,10,0.404,0.04683303677248928,0.38789793570729325,0.04849544296583109,0.404,0.04683303677248928,0.0,0.0,0.5144356955380578,0.0,0.5113511363968937,0.02503861354422422,1.0,0.0,1.0,0.0,1.0,0.0,0.0,0.0,0.0,0.0,29.4,0.6992058987801011,8.60053114593029e-07,5.247956568586143e-08,1.0,0.0,0.2580051769652963,0.0019662624443940843,0.9110252857208252,0.0,0.2919588327407837,0.044863529757420154
beta=0.1,0.1,20,0.95,10,0.389,0.03151719107619417,0.3652751160230967,0.03652060866108543,0.389,0.03151719107619417,0.0,0.0,0.5144356955380578,0.0,0.5113511363968937,0.02503861354422422,1.0,0.0,1.0,0.0,1.0,0.0,0.0,0.0,0.0,0.0,41.7,1.70293863659264,9.423238225281239e-07,2.6397186702927385e-08,1.0,0.0,0.2039674444141558,0.0022831286152363507,0.9110252857208252,0.0,0.37742159366607664,0.015931302477758518
beta=0.1,0.1,20,0.99,10,0.23899999999999996,0.024922100856691658,0.20360179023798003,0.02226472836343129,0.23899999999999996,0.024922100856691658,0.0,0.0,0.5144356955380578,0.0,0.5113511363968937,0.02503861354422422,1.0,0.0,1.0,0.0,1.0,0.0,0.0,0.0,0.0,0.0,65.5,2.6352313834736494,9.633717127144336e-07,2.4601691278541952e-08,1.0,0.0,0.14852000791988912,0.005994339506910853,0.9110252857208252,0.0,0.43060224056243895,0.014840475465197778
beta=0.1,0.1,30,0.5,10,0.3935,0.028775954468193678,0.38096929295343557,0.02876084142497534,0.3935,0.028775954468193678,0.0,0.0,0.4837927232635061,0.0,0.47805888993519413,0.025173239545424036,1.0,0.0,1.0,0.0,1.0,0.0,0.0,0.0,0.0,0.0,10.0,0.0,5.551846697926521e-07,6.634881309589483e-08,1.0,0.0,0.43915575257104067,0.00238619133985193,0.9195866584777832,0.0,0.3025477409362793,0.014110831143008217
beta=0.1,0.1,30,0.8,10,0.40650000000000003,0.027893647225767294,0.3922993222078176,0.02898892535444665,0.40650000000000003,0.027893647225767294,0.0,0.0,0.4837927232635061,0.0,0.47805888993519413,0.025173239545424036,1.0,0.0,1.0,0.0,1.0,0.0,0.0,0.0,0.0,0.0,19.5,0.5270462766947299,8.186791092157363e-07,1.4564068259336123e-07,1.0,0.0,0.3201798705250238,0.0021114204219410855,0.9195866584777832,0.0,0.3118995189666748,0.019918372219064548
beta=0.1,0.1,30,0.9,10,0.40049999999999997,0.02692066533765877,0.3819658429821185,0.029051407948701362,0.40049999999999997,0.02692066533765877,0.0,0.0,0.4837927232635061,0.0,0.47805888993519413,0.025173239545424036,1.0,0.0,1.0,0.0,1.0,0.0,0.0,0.0,0.0,0.0,28.3,1.0593499054713802,8.923700079321861e-07,5.9459003268812676e-08,1.0,0.0,0.24858526918814294,0.002021799678977532,0.9195866584777832,0.0,0.3490570545196533,0.013095554023815532
beta=0.1,0.1,30,0.95,10,0.3705,0.0298561365365462,0.34561524248775194,0.03576844130108279,0.3705,0.0298561365365462,0.0,0.0,0.4837927232635061,0.0,0.47805888993519413,0.025173239545424036,1.0,0.0,1.0,0.0,1.0,0.0,0.0,0.0,0.0,0.0,40.3,1.567021236472421,9.308685548603535e-07,3.3973531236286944e-08,1.0,0.0,0.19630492004351954,0.002448374561474774,0.9195866584777832,0.0,0.3794745683670044,0.014815056458763933
beta=0.1,0.1,30,0.99,10,0.22799999999999998,0.029646060259145554,0.18575478274059523,0.02603373358675915,0.22799999999999998,0.029646060259145554,0.0,0.0,0.4837927232635061,0.0,0.47805888993519413,0.025173239545424036,1.0,0.0,1.0,0.0,1.0,0.0,0.0,0.0,0.0,0.0,60.8,2.4404006956964173,9.628012776374816e-07,2.160315209406028e-08,1.0,0.0,0.14684775635817932,0.006118108313467811,0.9195866584777832,0.0,0.4295274019241333,0.012503041063108995
beta=0.1,0.1,50,0.5,10,0.396,0.018073922282301275,0.384470084735761,0.017969338841702775,0.396,0.018073922282301275,0.0,0.0,0.4547963648603163,5.851389114294502e-17,0.44440305234836125,0.02084104396806867,1.0,0.0,1.0,0.0,1.0,0.0,0.0,0.0,0.0,0.0,9.8,0.4216370213557839,5.142297595739364e-07,2.005426378822026e-07,1.0,0.0,0.4418332918691423,0.0023995870967393087,0.9582493305206299,0.0,0.29022457599639895,0.010041562749027204
beta=0.1,0.1,50,0.8,10,0.397,0.021628170930011122,0.3830077985311672,0.02355310599451093,0.397,0.021628170930011122,0.0,0.0,0.4547963648603163,5.851389114294502e-17,0.44440305234836125,0.02084104396806867,1.0,0.0,1.0,0.0,1.0,0.0,0.0,0.0,0.0,0.0,18.8,0.4216370213557839,7.469672709703445e-07,1.0844798284677307e-07,1.0,0.0,0.3093298071695155,0.0019666426438283012,0.9582493305206299,0.0,0.31651499271392824,0.01373236808612584
beta=0.1,0.1,50,0.9,10,0.389,0.026956755492207628,0.37147641821445665,0.032918102493599694,0.389,0.026956755492207628,0.0,0.0,0.4547963648603163,5.851389114294502e-17,0.44440305234836125,0.02084104396806867,1.0,0.0,1.0,0.0,1.0,0.0,0.0,0.0,0.0,0.0,27.3,1.0593499054713802,9.096576832234859e-07,4.0110384386821236e-08,1.0,0.0,0.2362347050636297,0.0019002482163031525,0.9582493305206299,0.0,0.35013670921325685,0.018188520549485672
beta=0.1,0.1,50,0.95,10,0.35150000000000003,0.014346892811104885,0.326236062764666,0.018495981558800185,0.35150000000000003,0.014346892811104885,0.0,0.0,0.4547963648603163,5.851389114294502e-17,0.44440305234836125,0.02084104396806867,1.0,0.0,1.0,0.0,1.0,0.0,0.0,0.0,0.0,0.0,38.3,1.3374935098492586,9.285868145525455e-07,3.7970881741841416e-08,1.0,0.0,0.18677769748057638,0.002423079097231854,0.9582493305206299,0.0,0.3812554836273193,0.013317648021354541
beta=0.1,0.1,50,0.99,10,0.2065,0.028289181285038593,0.14521497628681332,0.026041721071585693,0.2065,0.028289181285038593,0.0,0.0,0.4547963648603163,5.851389114294502e-17,0.44440305234836125,0.02084104396806867,1.0,0.0,1.0,0.0,1.0,0.0,0.0,0.0,0.0,0.0,55.5,2.173067468400883,9.63814090937376e-07,2.7579387890991088e-08,1.0,0.0,0.14484933928195212,0.0061650521376468,0.9582493305206299,0.0,0.4339416027069092,0.01573441547133351
