beta,k,alpha,dev_accuracy_mean,dev_accuracy_std,edge_purity,component_coverage,unreachable_mean,iterations_mean
0.00000000,5,0.50000000,0.32200000,0.02496664,0.58250192,0.99995429,4.80000000,13.30000000
0.00000000,5,0.80000000,0.34800000,0.02679138,0.58250192,0.99995429,4.80000000,32.60000000
0.00000000,5,0.90000000,0.35600000,0.02705960,0.58250192,0.99995429,4.80000000,53.50000000
0.00000000,5,0.95000000,0.36100000,0.02258318,0.58250192,0.99995429,4.80000000,77.80000000
0.00000000,5,0.99000000,0.28650000,0.04478653,0.58250192,0.99995429,4.80000000,148.30000000
0.00000000,10,0.50000000,0.34950000,0.03499603,0.54207921,1.00000000,0.00000000,12.10000000
0.00000000,10,0.80000000,0.37000000,0.03153481,0.54207921,1.00000000,0.00000000,26.30000000
0.00000000,10,0.90000000,0.37950000,0.03427422,0.54207921,1.00000000,0.00000000,40.80000000
0.00000000,10,0.95000000,0.37750000,0.03276601,0.54207921,1.00000000,0.00000000,59.70000000
0.00000000,10,0.99000000,0.23900000,0.03518207,0.54207921,1.00000000,0.00000000,121.00000000
0.00000000,15,0.50000000,0.36800000,0.03473711,0.51138193,1.00000000,0.00000000,11.60000000
0.00000000,15,0.80000000,0.39300000,0.03318299,0.51138193,1.00000000,0.00000000,23.60000000
0.00000000,15,0.90000000,0.38900000,0.03272783,0.51138193,1.00000000,0.00000000,35.60000000
0.00000000,15,0.95000000,0.37700000,0.03224903,0.51138193,1.00000000,0.00000000,49.60000000
0.00000000,15,0.99000000,0.23200000,0.03259175,0.51138193,1.00000000,0.00000000,83.80000000
0.00000000,20,0.50000000,0.38150000,0.03399755,0.49070374,1.00000000,0.00000000,10.70000000
0.00000000,20,0.80000000,0.39350000,0.03621310,0.49070374,1.00000000,0.00000000,22.30000000
0.00000000,20,0.90000000,0.38550000,0.03585852,0.49070374,1.00000000,0.00000000,32.20000000
0.00000000,20,0.95000000,0.36900000,0.03462497,0.49070374,1.00000000,0.00000000,45.60000000
0.00000000,20,0.99000000,0.22950000,0.02241651,0.49070374,1.00000000,0.00000000,79.20000000
0.00000000,30,0.50000000,0.38300000,0.03802046,0.46771581,1.00000000,0.00000000,10.00000000
0.00000000,30,0.80000000,0.38450000,0.03585852,0.46771581,1.00000000,0.00000000,20.90000000
0.00000000,30,0.90000000,0.37800000,0.02820559,0.46771581,1.00000000,0.00000000,30.90000000
0.00000000,30,0.95000000,0.35750000,0.02324388,0.46771581,1.00000000,0.00000000,44.30000000
0.00000000,30,0.99000000,0.21600000,0.02492210,0.46771581,1.00000000,0.00000000,74.20000000
0.00000000,50,0.50000000,0.37700000,0.03622461,0.44052187,1.00000000,0.00000000,10.00000000
0.00000000,50,0.80000000,0.37750000,0.03490065,0.44052187,1.00000000,0.00000000,20.00000000
0.00000000,50,0.90000000,0.36400000,0.02846050,0.44052187,1.00000000,0.00000000,29.60000000
0.00000000,50,0.95000000,0.34600000,0.02904020,0.44052187,1.00000000,0.00000000,42.50000000
0.00000000,50,0.99000000,0.19100000,0.03125167,0.44052187,1.00000000,0.00000000,68.10000000
0.00100000,5,0.50000000,0.33300000,0.03750556,0.59242424,0.99995429,4.80000000,13.40000000
0.00100000,5,0.80000000,0.35300000,0.04164666,0.59242424,0.99995429,4.80000000,32.70000000
0.00100000,5,0.90000000,0.35900000,0.03381321,0.59242424,0.99995429,4.80000000,53.80000000
0.00100000,5,0.95000000,0.35650000,0.03590497,0.59242424,0.99995429,4.80000000,78.20000000
0.00100000,5,0.99000000,0.28950000,0.03585852,0.59242424,0.99995429,4.80000000,152.50000000
0.00100000,10,0.50000000,0.35750000,0.02830881,0.53846154,1.00000000,0.00000000,12.00000000
0.00100000,10,0.80000000,0.37550000,0.03022600,0.53846154,1.00000000,0.00000000,26.00000000
0.00100000,10,0.90000000,0.38100000,0.03414023,0.53846154,1.00000000,0.00000000,40.50000000
0.00100000,10,0.95000000,0.37900000,0.03281260,0.53846154,1.00000000,0.00000000,59.60000000
0.00100000,10,0.99000000,0.24000000,0.03118048,0.53846154,1.00000000,0.00000000,120.90000000
0.00100000,15,0.50000000,0.36900000,0.03204164,0.51270100,1.00000000,0.00000000,11.50000000
0.00100000,15,0.80000000,0.38550000,0.02793345,0.51270100,1.00000000,0.00000000,23.70000000
0.00100000,15,0.90000000,0.38600000,0.03044120,0.51270100,1.00000000,0.00000000,35.80000000
0.00100000,15,0.95000000,0.37000000,0.02505549,0.51270100,1.00000000,0.00000000,49.40000000
0.00100000,15,0.99000000,0.23050000,0.02314807,0.51270100,1.00000000,0.00000000,83.30000000
0.00100000,20,0.50000000,0.37550000,0.03832971,0.49296997,1.00000000,0.00000000,10.70000000
0.00100000,20,0.80000000,0.38950000,0.03654905,0.49296997,1.00000000,0.00000000,22.20000000
0.00100000,20,0.90000000,0.38450000,0.03278296,0.49296997,1.00000000,0.00000000,32.10000000
0.00100000,20,0.95000000,0.36300000,0.02647850,0.49296997,1.00000000,0.00000000,45.50000000
0.00100000,20,0.99000000,0.22950000,0.02204163,0.49296997,1.00000000,0.00000000,78.80000000
0.00100000,30,0.50000000,0.38750000,0.03401389,0.46391038,1.00000000,0.00000000,10.00000000
0.00100000,30,0.80000000,0.39000000,0.03091206,0.46391038,1.00000000,0.00000000,20.90000000
0.00100000,30,0.90000000,0.37700000,0.02637339,0.46391038,1.00000000,0.00000000,30.80000000
0.00100000,30,0.95000000,0.35650000,0.02392697,0.46391038,1.00000000,0.00000000,44.20000000
0.00100000,30,0.99000000,0.21700000,0.02626785,0.46391038,1.00000000,0.00000000,74.00000000
0.00100000,50,0.50000000,0.38500000,0.04068852,0.43625246,1.00000000,0.00000000,10.00000000
0.00100000,50,0.80000000,0.38550000,0.04071923,0.43625246,1.00000000,0.00000000,20.00000000
0.00100000,50,0.90000000,0.36300000,0.02710064,0.43625246,1.00000000,0.00000000,29.60000000
0.00100000,50,0.95000000,0.34350000,0.02539138,0.43625246,1.00000000,0.00000000,42.50000000
0.00100000,50,0.99000000,0.19300000,0.02936362,0.43625246,1.00000000,0.00000000,67.90000000
0.00300000,5,0.50000000,0.32100000,0.02746715,0.58864160,0.99989714,10.80000000,13.10000000
0.00300000,5,0.80000000,0.35400000,0.02685351,0.58864160,0.99989714,10.80000000,33.10000000
0.00300000,5,0.90000000,0.36450000,0.03059139,0.58864160,0.99989714,10.80000000,55.30000000
0.00300000,5,0.95000000,0.36300000,0.03110913,0.58864160,0.99989714,10.80000000,81.50000000
0.00300000,5,0.99000000,0.29250000,0.03630503,0.58864160,0.99989714,10.80000000,150.40000000
0.00300000,10,0.50000000,0.35100000,0.02865504,0.53480238,1.00000000,0.00000000,12.00000000
0.00300000,10,0.80000000,0.37250000,0.02898755,0.53480238,1.00000000,0.00000000,26.20000000
0.00300000,10,0.90000000,0.37700000,0.02573368,0.53480238,1.00000000,0.00000000,40.40000000
0.00300000,10,0.95000000,0.37500000,0.02635231,0.53480238,1.00000000,0.00000000,59.80000000
0.00300000,10,0.99000000,0.24250000,0.03216710,0.53480238,1.00000000,0.00000000,116.40000000
0.00300000,15,0.50000000,0.37650000,0.03171488,0.51964659,1.00000000,0.00000000,11.50000000
0.00300000,15,0.80000000,0.39350000,0.03000463,0.51964659,1.00000000,0.00000000,23.80000000
0.00300000,15,0.90000000,0.39200000,0.03020302,0.51964659,1.00000000,0.00000000,36.00000000
0.00300000,15,0.95000000,0.37000000,0.03082207,0.51964659,1.00000000,0.00000000,49.80000000
0.00300000,15,0.99000000,0.22900000,0.02514403,0.51964659,1.00000000,0.00000000,84.10000000
0.00300000,20,0.50000000,0.38300000,0.04049691,0.49626152,1.00000000,0.00000000,10.80000000
0.00300000,20,0.80000000,0.39600000,0.03710346,0.49626152,1.00000000,0.00000000,22.30000000
0.00300000,20,0.90000000,0.38950000,0.03303618,0.49626152,1.00000000,0.00000000,32.20000000
0.00300000,20,0.95000000,0.36700000,0.01273665,0.49626152,1.00000000,0.00000000,45.50000000
0.00300000,20,0.99000000,0.22050000,0.02178812,0.49626152,1.00000000,0.00000000,79.20000000
0.00300000,30,0.50000000,0.38200000,0.03441576,0.46712883,1.00000000,0.00000000,10.00000000
0.00300000,30,0.80000000,0.38500000,0.03597839,0.46712883,1.00000000,0.00000000,20.90000000
0.00300000,30,0.90000000,0.37800000,0.03093003,0.46712883,1.00000000,0.00000000,30.90000000
0.00300000,30,0.95000000,0.35000000,0.02677063,0.46712883,1.00000000,0.00000000,44.30000000
0.00300000,30,0.99000000,0.21250000,0.02679656,0.46712883,1.00000000,0.00000000,74.20000000
0.00300000,50,0.50000000,0.37500000,0.03082207,0.44023835,1.00000000,0.00000000,10.00000000
0.00300000,50,0.80000000,0.37600000,0.02894439,0.44023835,1.00000000,0.00000000,20.00000000
0.00300000,50,0.90000000,0.36650000,0.02769376,0.44023835,1.00000000,0.00000000,29.50000000
0.00300000,50,0.95000000,0.34900000,0.02654137,0.44023835,1.00000000,0.00000000,42.50000000
0.00300000,50,0.99000000,0.18950000,0.02842632,0.44023835,1.00000000,0.00000000,68.60000000
0.01000000,5,0.50000000,0.32000000,0.03901567,0.58628485,0.99995429,4.80000000,13.30000000
0.01000000,5,0.80000000,0.35050000,0.03869037,0.58628485,0.99995429,4.80000000,32.80000000
0.01000000,5,0.90000000,0.36100000,0.03212822,0.58628485,0.99995429,4.80000000,54.60000000
0.01000000,5,0.95000000,0.35700000,0.02347576,0.58628485,0.99995429,4.80000000,80.40000000
0.01000000,5,0.99000000,0.28250000,0.05012484,0.58628485,0.99995429,4.80000000,154.80000000
0.01000000,10,0.50000000,0.35800000,0.01669997,0.53377903,1.00000000,0.00000000,11.90000000
0.01000000,10,0.80000000,0.36800000,0.01782632,0.53377903,1.00000000,0.00000000,26.20000000
0.01000000,10,0.90000000,0.38050000,0.02229225,0.53377903,1.00000000,0.00000000,41.00000000
0.01000000,10,0.95000000,0.37050000,0.03122054,0.53377903,1.00000000,0.00000000,61.10000000
0.01000000,10,0.99000000,0.23950000,0.02763351,0.53377903,1.00000000,0.00000000,122.50000000
0.01000000,15,0.50000000,0.37800000,0.03001851,0.50991697,1.00000000,0.00000000,11.60000000
0.01000000,15,0.80000000,0.39250000,0.03795099,0.50991697,1.00000000,0.00000000,23.70000000
0.01000000,15,0.90000000,0.38850000,0.03391575,0.50991697,1.00000000,0.00000000,35.90000000
0.01000000,15,0.95000000,0.37300000,0.02907844,0.50991697,1.00000000,0.00000000,49.50000000
0.01000000,15,0.99000000,0.22200000,0.02162817,0.50991697,1.00000000,0.00000000,83.20000000
0.01000000,20,0.50000000,0.38150000,0.02249074,0.48816568,1.00000000,0.00000000,10.70000000
0.01000000,20,0.80000000,0.39300000,0.03224903,0.48816568,1.00000000,0.00000000,22.30000000
0.01000000,20,0.90000000,0.39200000,0.02740641,0.48816568,1.00000000,0.00000000,32.10000000
0.01000000,20,0.95000000,0.36300000,0.02263233,0.48816568,1.00000000,0.00000000,45.70000000
0.01000000,20,0.99000000,0.22350000,0.02656752,0.48816568,1.00000000,0.00000000,78.50000000
0.01000000,30,0.50000000,0.38550000,0.03730133,0.46589862,1.00000000,0.00000000,10.00000000
0.01000000,30,0.80000000,0.38350000,0.03986435,0.46589862,1.00000000,0.00000000,20.90000000
0.01000000,30,0.90000000,0.37750000,0.02965074,0.46589862,1.00000000,0.00000000,31.00000000
0.01000000,30,0.95000000,0.35450000,0.02266299,0.46589862,1.00000000,0.00000000,44.20000000
0.01000000,30,0.99000000,0.21050000,0.02586826,0.46589862,1.00000000,0.00000000,73.40000000
0.01000000,50,0.50000000,0.38100000,0.03247221,0.44103823,1.00000000,0.00000000,10.00000000
0.01000000,50,0.80000000,0.37750000,0.03259601,0.44103823,1.00000000,0.00000000,20.00000000
0.01000000,50,0.90000000,0.36100000,0.02378141,0.44103823,1.00000000,0.00000000,29.60000000
0.01000000,50,0.95000000,0.34000000,0.03055050,0.44103823,1.00000000,0.00000000,42.50000000
0.01000000,50,0.99000000,0.18850000,0.02887232,0.44103823,1.00000000,0.00000000,67.60000000
0.03000000,5,0.50000000,0.32850000,0.03574990,0.59529233,0.99995429,4.80000000,13.50000000
0.03000000,5,0.80000000,0.35300000,0.03084009,0.59529233,0.99995429,4.80000000,32.40000000
0.03000000,5,0.90000000,0.36200000,0.02710064,0.59529233,0.99995429,4.80000000,53.80000000
0.03000000,5,0.95000000,0.36100000,0.02643651,0.59529233,0.99995429,4.80000000,79.30000000
0.03000000,5,0.99000000,0.28600000,0.04094712,0.59529233,0.99995429,4.80000000,154.10000000
0.03000000,10,0.50000000,0.36550000,0.03312015,0.54916318,1.00000000,0.00000000,12.00000000
0.03000000,10,0.80000000,0.38000000,0.03333333,0.54916318,1.00000000,0.00000000,26.00000000
0.03000000,10,0.90000000,0.38800000,0.03119829,0.54916318,1.00000000,0.00000000,40.00000000
0.03000000,10,0.95000000,0.38250000,0.03102418,0.54916318,1.00000000,0.00000000,58.80000000
0.03000000,10,0.99000000,0.23700000,0.02335713,0.54916318,1.00000000,0.00000000,123.40000000
0.03000000,15,0.50000000,0.38150000,0.03456475,0.52351457,1.00000000,0.00000000,11.50000000
0.03000000,15,0.80000000,0.39600000,0.03557465,0.52351457,1.00000000,0.00000000,23.50000000
0.03000000,15,0.90000000,0.40050000,0.02957570,0.52351457,1.00000000,0.00000000,35.60000000
0.03000000,15,0.95000000,0.38100000,0.02319004,0.52351457,1.00000000,0.00000000,48.80000000
0.03000000,15,0.99000000,0.22550000,0.01553669,0.52351457,1.00000000,0.00000000,80.40000000
0.03000000,20,0.50000000,0.38350000,0.03815538,0.49965870,1.00000000,0.00000000,10.70000000
0.03000000,20,0.80000000,0.40250000,0.03630503,0.49965870,1.00000000,0.00000000,22.10000000
0.03000000,20,0.90000000,0.39400000,0.02884826,0.49965870,1.00000000,0.00000000,31.70000000
0.03000000,20,0.95000000,0.37450000,0.02431849,0.49965870,1.00000000,0.00000000,44.60000000
0.03000000,20,0.99000000,0.22650000,0.02121975,0.49965870,1.00000000,0.00000000,75.30000000
0.03000000,30,0.50000000,0.39650000,0.03249359,0.47841440,1.00000000,0.00000000,10.00000000
0.03000000,30,0.80000000,0.40650000,0.03559416,0.47841440,1.00000000,0.00000000,20.90000000
0.03000000,30,0.90000000,0.39500000,0.02614065,0.47841440,1.00000000,0.00000000,30.30000000
0.03000000,30,0.95000000,0.36850000,0.01375379,0.47841440,1.00000000,0.00000000,43.30000000
0.03000000,30,0.99000000,0.22150000,0.02345800,0.47841440,1.00000000,0.00000000,70.20000000
0.03000000,50,0.50000000,0.38200000,0.03780065,0.44682765,1.00000000,0.00000000,9.90000000
0.03000000,50,0.80000000,0.38400000,0.03348300,0.44682765,1.00000000,0.00000000,19.90000000
0.03000000,50,0.90000000,0.36850000,0.02799305,0.44682765,1.00000000,0.00000000,29.10000000
0.03000000,50,0.95000000,0.35150000,0.02728960,0.44682765,1.00000000,0.00000000,41.50000000
0.03000000,50,0.99000000,0.20100000,0.03160520,0.44682765,1.00000000,0.00000000,64.40000000
0.10000000,5,0.50000000,0.33600000,0.03080404,0.63027108,1.00000000,0.00000000,13.40000000
0.10000000,5,0.80000000,0.35200000,0.02311805,0.63027108,1.00000000,0.00000000,32.50000000
0.10000000,5,0.90000000,0.36300000,0.02213594,0.63027108,1.00000000,0.00000000,54.40000000
0.10000000,5,0.95000000,0.36500000,0.02571208,0.63027108,1.00000000,0.00000000,80.50000000
0.10000000,5,0.99000000,0.28950000,0.03700225,0.63027108,1.00000000,0.00000000,137.90000000
0.10000000,10,0.50000000,0.36850000,0.04275577,0.56832825,1.00000000,0.00000000,12.10000000
0.10000000,10,0.80000000,0.38950000,0.04099119,0.56832825,1.00000000,0.00000000,26.00000000
0.10000000,10,0.90000000,0.39500000,0.03620927,0.56832825,1.00000000,0.00000000,38.40000000
0.10000000,10,0.95000000,0.38800000,0.03359894,0.56832825,1.00000000,0.00000000,55.90000000
0.10000000,10,0.99000000,0.24750000,0.03146868,0.56832825,1.00000000,0.00000000,93.00000000
0.10000000,15,0.50000000,0.37900000,0.03857172,0.53859727,1.00000000,0.00000000,11.40000000
0.10000000,15,0.80000000,0.39600000,0.03914361,0.53859727,1.00000000,0.00000000,22.30000000
0.10000000,15,0.90000000,0.40050000,0.04206146,0.53859727,1.00000000,0.00000000,32.30000000
0.10000000,15,0.95000000,0.38300000,0.04056545,0.53859727,1.00000000,0.00000000,44.50000000
0.10000000,15,0.99000000,0.23600000,0.02221111,0.53859727,1.00000000,0.00000000,69.20000000
0.10000000,20,0.50000000,0.38600000,0.03956710,0.51110745,1.00000000,0.00000000,10.70000000
0.10000000,20,0.80000000,0.40850000,0.04813465,0.51110745,1.00000000,0.00000000,20.40000000
0.10000000,20,0.90000000,0.40550000,0.04310517,0.51110745,1.00000000,0.00000000,29.40000000
0.10000000,20,0.95000000,0.38250000,0.04124790,0.51110745,1.00000000,0.00000000,41.80000000
0.10000000,20,0.99000000,0.23300000,0.02359378,0.51110745,1.00000000,0.00000000,65.10000000
0.10000000,30,0.50000000,0.40000000,0.05792716,0.48358010,1.00000000,0.00000000,10.00000000
0.10000000,30,0.80000000,0.40100000,0.05420127,0.48358010,1.00000000,0.00000000,19.70000000
0.10000000,30,0.90000000,0.39550000,0.04901530,0.48358010,1.00000000,0.00000000,28.30000000
0.10000000,30,0.95000000,0.36350000,0.03432281,0.48358010,1.00000000,0.00000000,40.10000000
0.10000000,30,0.99000000,0.22900000,0.02988868,0.48358010,1.00000000,0.00000000,60.50000000
0.10000000,50,0.50000000,0.40500000,0.03566822,0.45170359,1.00000000,0.00000000,9.80000000
0.10000000,50,0.80000000,0.40250000,0.03293512,0.45170359,1.00000000,0.00000000,18.90000000
0.10000000,50,0.90000000,0.38650000,0.03407916,0.45170359,1.00000000,0.00000000,27.30000000
0.10000000,50,0.95000000,0.34950000,0.01950071,0.45170359,1.00000000,0.00000000,38.10000000
0.10000000,50,0.99000000,0.19950000,0.02650472,0.45170359,1.00000000,0.00000000,55.50000000
0.30000000,5,0.50000000,0.33350000,0.02635758,0.61082283,1.00000000,0.00000000,13.30000000
0.30000000,5,0.80000000,0.34800000,0.02417529,0.61082283,1.00000000,0.00000000,32.00000000
0.30000000,5,0.90000000,0.35650000,0.02261391,0.61082283,1.00000000,0.00000000,51.50000000
0.30000000,5,0.95000000,0.35850000,0.01811230,0.61082283,1.00000000,0.00000000,73.00000000
0.30000000,5,0.99000000,0.27500000,0.03448027,0.61082283,1.00000000,0.00000000,123.20000000
0.30000000,10,0.50000000,0.34800000,0.03838402,0.54236718,1.00000000,0.00000000,11.80000000
0.30000000,10,0.80000000,0.36000000,0.04075673,0.54236718,1.00000000,0.00000000,24.00000000
0.30000000,10,0.90000000,0.36000000,0.03901567,0.54236718,1.00000000,0.00000000,34.30000000
0.30000000,10,0.95000000,0.36000000,0.03659083,0.54236718,1.00000000,0.00000000,48.20000000
0.30000000,10,0.99000000,0.23450000,0.04159661,0.54236718,1.00000000,0.00000000,74.30000000
0.30000000,15,0.50000000,0.35550000,0.04518173,0.51477072,1.00000000,0.00000000,11.00000000
0.30000000,15,0.80000000,0.37100000,0.04402020,0.51477072,1.00000000,0.00000000,21.20000000
0.30000000,15,0.90000000,0.36750000,0.04565876,0.51477072,1.00000000,0.00000000,30.20000000
0.30000000,15,0.95000000,0.35750000,0.04578027,0.51477072,1.00000000,0.00000000,41.10000000
0.30000000,15,0.99000000,0.22500000,0.03582364,0.51477072,1.00000000,0.00000000,59.90000000
0.30000000,20,0.50000000,0.37300000,0.03560587,0.49802437,1.00000000,0.00000000,10.20000000
0.30000000,20,0.80000000,0.38650000,0.03590497,0.49802437,1.00000000,0.00000000,19.40000000
0.30000000,20,0.90000000,0.38050000,0.03685181,0.49802437,1.00000000,0.00000000,27.50000000
0.30000000,20,0.95000000,0.35050000,0.03854651,0.49802437,1.00000000,0.00000000,38.40000000
0.30000000,20,0.99000000,0.22950000,0.02692067,0.49802437,1.00000000,0.00000000,56.20000000
0.30000000,30,0.50000000,0.37250000,0.04118050,0.47348735,1.00000000,0.00000000,9.90000000
0.30000000,30,0.80000000,0.38350000,0.03837317,0.47348735,1.00000000,0.00000000,18.20000000
0.30000000,30,0.90000000,0.37400000,0.03942644,0.47348735,1.00000000,0.00000000,26.60000000
0.30000000,30,0.95000000,0.33250000,0.02917857,0.47348735,1.00000000,0.00000000,36.50000000
0.30000000,30,0.99000000,0.21950000,0.02431849,0.47348735,1.00000000,0.00000000,51.70000000
0.30000000,50,0.50000000,0.37850000,0.02779388,0.44267238,1.00000000,0.00000000,9.00000000
0.30000000,50,0.80000000,0.37500000,0.03257470,0.44267238,1.00000000,0.00000000,17.50000000
0.30000000,50,0.90000000,0.35750000,0.03111359,0.44267238,1.00000000,0.00000000,25.60000000
0.30000000,50,0.95000000,0.31100000,0.02816617,0.44267238,1.00000000,0.00000000,34.60000000
0.30000000,50,0.99000000,0.18750000,0.01947220,0.44267238,1.00000000,0.00000000,47.10000000
1.00000000,5,0.50000000,0.29900000,0.03649962,0.55632184,1.00000000,0.00000000,13.40000000
1.00000000,5,0.80000000,0.31650000,0.03559416,0.55632184,1.00000000,0.00000000,32.00000000
1.00000000,5,0.90000000,0.32500000,0.02838231,0.55632184,1.00000000,0.00000000,51.80000000
1.00000000,5,0.95000000,0.33150000,0.02887232,0.55632184,1.00000000,0.00000000,74.00000000
1.00000000,5,0.99000000,0.25700000,0.03637765,0.55632184,1.00000000,0.00000000,113.60000000
1.00000000,10,0.50000000,0.33850000,0.03543774,0.50692042,1.00000000,0.00000000,11.80000000
1.00000000,10,0.80000000,0.35150000,0.03257896,0.50692042,1.00000000,0.00000000,23.10000000
1.00000000,10,0.90000000,0.35250000,0.02898755,0.50692042,1.00000000,0.00000000,32.20000000
1.00000000,10,0.95000000,0.34650000,0.02963200,0.50692042,1.00000000,0.00000000,42.30000000
1.00000000,10,0.99000000,0.23350000,0.03496427,0.50692042,1.00000000,0.00000000,64.00000000
1.00000000,15,0.50000000,0.33900000,0.01523884,0.47753064,1.00000000,0.00000000,10.80000000
1.00000000,15,0.80000000,0.35200000,0.01456785,0.47753064,1.00000000,0.00000000,20.40000000
1.00000000,15,0.90000000,0.35500000,0.02592725,0.47753064,1.00000000,0.00000000,28.30000000
1.00000000,15,0.95000000,0.34250000,0.03599769,0.47753064,1.00000000,0.00000000,38.90000000
1.00000000,15,0.99000000,0.22200000,0.03392803,0.47753064,1.00000000,0.00000000,57.40000000
1.00000000,20,0.50000000,0.36150000,0.02404279,0.45658784,1.00000000,0.00000000,10.10000000
1.00000000,20,0.80000000,0.37400000,0.02590581,0.45658784,1.00000000,0.00000000,19.00000000
1.00000000,20,0.90000000,0.37150000,0.02381060,0.45658784,1.00000000,0.00000000,26.90000000
1.00000000,20,0.95000000,0.34600000,0.03107339,0.45658784,1.00000000,0.00000000,37.70000000
1.00000000,20,0.99000000,0.22250000,0.03075440,0.45658784,1.00000000,0.00000000,54.00000000
1.00000000,30,0.50000000,0.37150000,0.03232216,0.43146400,1.00000000,0.00000000,9.80000000
1.00000000,30,0.80000000,0.37750000,0.03048224,0.43146400,1.00000000,0.00000000,18.00000000
1.00000000,30,0.90000000,0.37450000,0.02985614,0.43146400,1.00000000,0.00000000,26.00000000
1.00000000,30,0.95000000,0.33600000,0.02875181,0.43146400,1.00000000,0.00000000,35.80000000
1.00000000,30,0.99000000,0.21650000,0.02068950,0.43146400,1.00000000,0.00000000,49.90000000
1.00000000,50,0.50000000,0.37350000,0.01667500,0.40085200,1.00000000,0.00000000,9.00000000
1.00000000,50,0.80000000,0.37700000,0.02507766,0.40085200,1.00000000,0.00000000,17.40000000
1.00000000,50,0.90000000,0.36300000,0.02540779,0.40085200,1.00000000,0.00000000,25.00000000
1.00000000,50,0.95000000,0.31400000,0.02786874,0.40085200,1.00000000,0.00000000,33.50000000
1.00000000,50,0.99000000,0.18700000,0.01735255,0.40085200,1.00000000,0.00000000,45.10000000
